,iat,lt,tot,pt,name,mean,uf
0,60.0,15.0,15.0,60.0,AirportResponseTime:mean,90.0,0.5
1,60.0,15.0,15.0,60.0,DepartQueueSize:mean,0.5,0.5
2,60.0,15.0,15.0,60.0,DepartQueueWaitingTime:mean,0.0,0.5
3,60.0,15.0,15.0,60.0,HoldingQueueSize:mean,0.0,0.5
4,60.0,15.0,15.0,60.0,HoldingQueueWaitingTime:mean,0.0,0.5
5,60.0,15.0,15.0,60.0,ParkedPlanes:mean,0.5000024999875,0.5
6,60.0,15.0,15.0,60.0,Runwayutilization:last,0.49999500007500003,0.5
7,60.0,15.0,15.0,75.0,AirportResponseTime:mean,105.0,0.5
8,60.0,15.0,15.0,75.0,DepartQueueSize:mean,0.0,0.5
9,60.0,15.0,15.0,75.0,DepartQueueWaitingTime:mean,0.0,0.5
10,60.0,15.0,15.0,75.0,HoldingQueueSize:mean,0.0,0.5
11,60.0,15.0,15.0,75.0,HoldingQueueWaitingTime:mean,0.0,0.5
12,60.0,15.0,15.0,75.0,ParkedPlanes:mean,1.4999975000125,0.5
13,60.0,15.0,15.0,75.0,Runwayutilization:last,0.49999375010936997,0.5
14,60.0,15.0,15.0,90.0,AirportResponseTime:mean,120.0,0.5
15,60.0,15.0,15.0,90.0,DepartQueueSize:mean,0.0,0.5
16,60.0,15.0,15.0,90.0,DepartQueueWaitingTime:mean,0.0,0.5
17,60.0,15.0,15.0,90.0,HoldingQueueSize:mean,0.4999975000125,0.5
18,60.0,15.0,15.0,90.0,HoldingQueueWaitingTime:mean,0.0,0.5
19,60.0,15.0,15.0,90.0,ParkedPlanes:mean,1.4999975000125,0.5
20,60.0,15.0,15.0,90.0,Runwayutilization:last,0.49999250015,0.5
21,60.0,15.0,20.0,60.0,AirportResponseTime:mean,95.0,0.5833333333333334
22,60.0,15.0,20.0,60.0,DepartQueueSize:mean,0.5,0.5833333333333334
23,60.0,15.0,20.0,60.0,DepartQueueWaitingTime:mean,0.0,0.5833333333333334
24,60.0,15.0,20.0,60.0,HoldingQueueSize:mean,0.0,0.5833333333333334
25,60.0,15.0,20.0,60.0,HoldingQueueWaitingTime:mean,0.0,0.5833333333333334
26,60.0,15.0,20.0,60.0,ParkedPlanes:mean,0.5000024999875,0.5833333333333334
27,60.0,15.0,20.0,60.0,Runwayutilization:last,0.58332659732888,0.5833333333333334
28,60.0,15.0,20.0,75.0,AirportResponseTime:mean,110.0,0.5833333333333334
29,60.0,15.0,20.0,75.0,DepartQueueSize:mean,0.0,0.5833333333333334
30,60.0,15.0,20.0,75.0,DepartQueueWaitingTime:mean,0.0,0.5833333333333334
31,60.0,15.0,20.0,75.0,HoldingQueueSize:mean,0.0,0.5833333333333334
32,60.0,15.0,20.0,75.0,HoldingQueueWaitingTime:mean,0.0,0.5833333333333334
33,60.0,15.0,20.0,75.0,ParkedPlanes:mean,1.4999975000125,0.5833333333333334
34,60.0,15.0,20.0,75.0,Runwayutilization:last,0.58332513903912,0.5833333333333334
35,60.0,15.0,20.0,90.0,AirportResponseTime:mean,137.0,0.5833333333333334
36,60.0,15.0,20.0,90.0,DepartQueueSize:mean,0.16666666666667002,0.5833333333333334
37,60.0,15.0,20.0,90.0,DepartQueueWaitingTime:mean,2.0,0.5833333333333334
38,60.0,15.0,20.0,90.0,HoldingQueueSize:mean,0.44443950622771,0.5833333333333334
39,60.0,15.0,20.0,90.0,HoldingQueueWaitingTime:mean,9.999800003999901,0.5833333333333334
40,60.0,15.0,20.0,90.0,ParkedPlanes:mean,1.5,0.5833333333333334
41,60.0,15.0,20.0,90.0,Runwayutilization:last,0.58332326414901,0.5833333333333334
42,60.0,15.0,25.0,60.0,AirportResponseTime:mean,100.0,0.6666666666666666
43,60.0,15.0,25.0,60.0,DepartQueueSize:mean,0.5,0.6666666666666666
44,60.0,15.0,25.0,60.0,DepartQueueWaitingTime:mean,0.0,0.6666666666666666
45,60.0,15.0,25.0,60.0,HoldingQueueSize:mean,0.0,0.6666666666666666
46,60.0,15.0,25.0,60.0,HoldingQueueWaitingTime:mean,0.0,0.6666666666666666
47,60.0,15.0,25.0,60.0,ParkedPlanes:mean,0.5000024999875,0.6666666666666666
48,60.0,15.0,25.0,60.0,Runwayutilization:last,0.66665805569907,0.6666666666666666
49,60.0,15.0,25.0,75.0,AirportResponseTime:mean,115.0,0.6666666666666666
50,60.0,15.0,25.0,75.0,DepartQueueSize:mean,0.0,0.6666666666666666
51,60.0,15.0,25.0,75.0,DepartQueueWaitingTime:mean,0.0,0.6666666666666666
52,60.0,15.0,25.0,75.0,HoldingQueueSize:mean,0.0,0.6666666666666666
53,60.0,15.0,25.0,75.0,HoldingQueueWaitingTime:mean,0.0,0.6666666666666666
54,60.0,15.0,25.0,75.0,ParkedPlanes:mean,1.4999975000125,0.6666666666666666
55,60.0,15.0,25.0,75.0,Runwayutilization:last,0.66665638908588,0.6666666666666666
56,60.0,15.0,25.0,90.0,AirportResponseTime:mean,143.333,0.6666666666666666
57,60.0,15.0,25.0,90.0,DepartQueueSize:mean,0.249992499925,0.6666666666666666
58,60.0,15.0,25.0,90.0,DepartQueueWaitingTime:mean,3.3332,0.6666666666666666
59,60.0,15.0,25.0,90.0,HoldingQueueSize:mean,0.4000023999664,0.6666666666666666
60,60.0,15.0,25.0,90.0,HoldingQueueWaitingTime:mean,9.999900001,0.6666666666666666
61,60.0,15.0,25.0,90.0,ParkedPlanes:mean,1.4999975000125,0.6666666666666666
62,60.0,15.0,25.0,90.0,Runwayutilization:last,0.66665361141573,0.6666666666666666
63,60.0,15.0,30.0,60.0,AirportResponseTime:mean,105.0,0.75
64,60.0,15.0,30.0,60.0,DepartQueueSize:mean,0.5,0.75
65,60.0,15.0,30.0,60.0,DepartQueueWaitingTime:mean,0.0,0.75
66,60.0,15.0,30.0,60.0,HoldingQueueSize:mean,0.0,0.75
67,60.0,15.0,30.0,60.0,HoldingQueueWaitingTime:mean,0.0,0.75
68,60.0,15.0,30.0,60.0,ParkedPlanes:mean,0.5000024999875,0.75
69,60.0,15.0,30.0,60.0,Runwayutilization:last,0.74998937518593,0.75
70,60.0,15.0,30.0,75.0,AirportResponseTime:mean,120.0,0.75
71,60.0,15.0,30.0,75.0,DepartQueueSize:mean,0.0,0.75
72,60.0,15.0,30.0,75.0,DepartQueueWaitingTime:mean,0.0,0.75
73,60.0,15.0,30.0,75.0,HoldingQueueSize:mean,0.4999975000125,0.75
74,60.0,15.0,30.0,75.0,HoldingQueueWaitingTime:mean,0.0,0.75
75,60.0,15.0,30.0,75.0,ParkedPlanes:mean,1.4999975000125,0.75
76,60.0,15.0,30.0,75.0,Runwayutilization:last,0.74998750025,0.75
77,60.0,15.0,30.0,90.0,AirportResponseTime:mean,149.9997,0.75
78,60.0,15.0,30.0,90.0,DepartQueueSize:mean,0.33332444432591996,0.75
79,60.0,15.0,30.0,90.0,DepartQueueWaitingTime:mean,0.0,0.75
80,60.0,15.0,30.0,90.0,HoldingQueueSize:mean,0.4000023999664,0.75
81,60.0,15.0,30.0,90.0,HoldingQueueWaitingTime:mean,14.9998500015,0.75
82,60.0,15.0,30.0,90.0,ParkedPlanes:mean,1.4999975000125,0.75
83,60.0,15.0,30.0,90.0,Runwayutilization:last,0.7499837504062399,0.75
84,60.0,20.0,15.0,60.0,AirportResponseTime:mean,95.0,0.5833333333333334
85,60.0,20.0,15.0,60.0,DepartQueueSize:mean,0.5,0.5833333333333334
86,60.0,20.0,15.0,60.0,DepartQueueWaitingTime:mean,0.0,0.5833333333333334
87,60.0,20.0,15.0,60.0,HoldingQueueSize:mean,0.0,0.5833333333333334
88,60.0,20.0,15.0,60.0,HoldingQueueWaitingTime:mean,0.0,0.5833333333333334
89,60.0,20.0,15.0,60.0,ParkedPlanes:mean,0.5000024999875,0.5833333333333334
90,60.0,20.0,15.0,60.0,Runwayutilization:last,0.58332743064901,0.5833333333333334
91,60.0,20.0,15.0,75.0,AirportResponseTime:mean,110.0,0.5833333333333334
92,60.0,20.0,15.0,75.0,DepartQueueSize:mean,0.0,0.5833333333333334
93,60.0,20.0,15.0,75.0,DepartQueueWaitingTime:mean,0.0,0.5833333333333334
94,60.0,20.0,15.0,75.0,HoldingQueueSize:mean,0.0,0.5833333333333334
95,60.0,20.0,15.0,75.0,HoldingQueueWaitingTime:mean,0.0,0.5833333333333334
96,60.0,20.0,15.0,75.0,ParkedPlanes:mean,1.4999975000125,0.5833333333333334
97,60.0,20.0,15.0,75.0,Runwayutilization:last,0.5833259723571701,0.5833333333333334
98,60.0,20.0,15.0,90.0,AirportResponseTime:mean,136.25,0.5833333333333334
99,60.0,20.0,15.0,90.0,DepartQueueSize:mean,0.2,0.5833333333333334
100,60.0,20.0,15.0,90.0,DepartQueueWaitingTime:mean,3.75,0.5833333333333334
101,60.0,20.0,15.0,90.0,HoldingQueueSize:mean,0.42856653066822,0.5833333333333334
102,60.0,20.0,15.0,90.0,HoldingQueueWaitingTime:mean,7.4998500029999,0.5833333333333334
103,60.0,20.0,15.0,90.0,ParkedPlanes:mean,1.5,0.5833333333333334
104,60.0,20.0,15.0,90.0,Runwayutilization:last,0.58332493077262,0.5833333333333334
105,60.0,20.0,20.0,60.0,AirportResponseTime:mean,100.0,0.6666666666666666
106,60.0,20.0,20.0,60.0,DepartQueueSize:mean,0.5,0.6666666666666666
107,60.0,20.0,20.0,60.0,DepartQueueWaitingTime:mean,0.0,0.6666666666666666
108,60.0,20.0,20.0,60.0,HoldingQueueSize:mean,0.0,0.6666666666666666
109,60.0,20.0,20.0,60.0,HoldingQueueWaitingTime:mean,0.0,0.6666666666666666
110,60.0,20.0,20.0,60.0,ParkedPlanes:mean,0.5000024999875,0.6666666666666666
111,60.0,20.0,20.0,60.0,Runwayutilization:last,0.66665888901852,0.6666666666666666
112,60.0,20.0,20.0,75.0,AirportResponseTime:mean,115.0,0.6666666666666666
113,60.0,20.0,20.0,75.0,DepartQueueSize:mean,0.0,0.6666666666666666
114,60.0,20.0,20.0,75.0,DepartQueueWaitingTime:mean,0.0,0.6666666666666666
115,60.0,20.0,20.0,75.0,HoldingQueueSize:mean,0.0,0.6666666666666666
116,60.0,20.0,20.0,75.0,HoldingQueueWaitingTime:mean,0.0,0.6666666666666666
117,60.0,20.0,20.0,75.0,ParkedPlanes:mean,1.4999975000125,0.6666666666666666
118,60.0,20.0,20.0,75.0,Runwayutilization:last,0.66665722240324,0.6666666666666666
119,60.0,20.0,20.0,90.0,AirportResponseTime:mean,143.333,0.6666666666666666
120,60.0,20.0,20.0,90.0,DepartQueueSize:mean,0.249992499925,0.6666666666666666
121,60.0,20.0,20.0,90.0,DepartQueueWaitingTime:mean,3.3332,0.6666666666666666
122,60.0,20.0,20.0,90.0,HoldingQueueSize:mean,0.4000023999664,0.6666666666666666
123,60.0,20.0,20.0,90.0,HoldingQueueWaitingTime:mean,9.999900001,0.6666666666666666
124,60.0,20.0,20.0,90.0,ParkedPlanes:mean,1.4999975000125,0.6666666666666666
125,60.0,20.0,20.0,90.0,Runwayutilization:last,0.66665444472962,0.6666666666666666
126,60.0,20.0,25.0,60.0,AirportResponseTime:mean,105.0,0.75
127,60.0,20.0,25.0,60.0,DepartQueueSize:mean,0.5,0.75
128,60.0,20.0,25.0,60.0,DepartQueueWaitingTime:mean,0.0,0.75
129,60.0,20.0,25.0,60.0,HoldingQueueSize:mean,0.0,0.75
130,60.0,20.0,25.0,60.0,HoldingQueueWaitingTime:mean,0.0,0.75
131,60.0,20.0,25.0,60.0,ParkedPlanes:mean,0.5000024999875,0.75
132,60.0,20.0,25.0,60.0,Runwayutilization:last,0.7499902085046801,0.75
133,60.0,20.0,25.0,75.0,AirportResponseTime:mean,120.0,0.75
134,60.0,20.0,25.0,75.0,DepartQueueSize:mean,0.0,0.75
135,60.0,20.0,25.0,75.0,DepartQueueWaitingTime:mean,0.0,0.75
136,60.0,20.0,25.0,75.0,HoldingQueueSize:mean,0.4999975000125,0.75
137,60.0,20.0,25.0,75.0,HoldingQueueWaitingTime:mean,0.0,0.75
138,60.0,20.0,25.0,75.0,ParkedPlanes:mean,1.4999975000125,0.75
139,60.0,20.0,25.0,75.0,Runwayutilization:last,0.74998833356666,0.75
140,60.0,20.0,25.0,90.0,AirportResponseTime:mean,150.0,0.75
141,60.0,20.0,25.0,90.0,DepartQueueSize:mean,0.33333333333333,0.75
142,60.0,20.0,25.0,90.0,DepartQueueWaitingTime:mean,7.5,0.75
143,60.0,20.0,25.0,90.0,HoldingQueueSize:mean,0.33332888894815,0.75
144,60.0,20.0,25.0,90.0,HoldingQueueWaitingTime:mean,7.4998500029999,0.75
145,60.0,20.0,25.0,90.0,ParkedPlanes:mean,1.5,0.75
146,60.0,20.0,25.0,90.0,Runwayutilization:last,0.74998604205051,0.75
147,60.0,20.0,30.0,60.0,AirportResponseTime:mean,110.0,0.8333333333333334
148,60.0,20.0,30.0,60.0,DepartQueueSize:mean,0.5,0.8333333333333334
149,60.0,20.0,30.0,60.0,DepartQueueWaitingTime:mean,0.0,0.8333333333333334
150,60.0,20.0,30.0,60.0,HoldingQueueSize:mean,0.0,0.8333333333333334
151,60.0,20.0,30.0,60.0,HoldingQueueWaitingTime:mean,0.0,0.8333333333333334
152,60.0,20.0,30.0,60.0,ParkedPlanes:mean,0.5000024999875,0.8333333333333334
153,60.0,20.0,30.0,60.0,Runwayutilization:last,0.83332138910787,0.8333333333333334
154,60.0,20.0,30.0,75.0,AirportResponseTime:mean,147.9987,0.8333333333333334
155,60.0,20.0,30.0,75.0,DepartQueueSize:mean,0.37497656162106,0.8333333333333334
156,60.0,20.0,30.0,75.0,DepartQueueWaitingTime:mean,4.9995,0.8333333333333334
157,60.0,20.0,30.0,75.0,HoldingQueueSize:mean,0.44444814808642,0.8333333333333334
158,60.0,20.0,30.0,75.0,HoldingQueueWaitingTime:mean,17.9993200068,0.8333333333333334
159,60.0,20.0,30.0,75.0,ParkedPlanes:mean,1.1000494997525,0.8333333333333334
160,60.0,20.0,30.0,75.0,Runwayutilization:last,0.8333172225981399,0.8333333333333334
161,60.0,20.0,30.0,90.0,AirportResponseTime:mean,155.0,0.8333333333333334
162,60.0,20.0,30.0,90.0,DepartQueueSize:mean,0.42857142857143,0.8333333333333334
163,60.0,20.0,30.0,90.0,DepartQueueWaitingTime:mean,5.0,0.8333333333333334
164,60.0,20.0,30.0,90.0,HoldingQueueSize:mean,0.33332888894815,0.8333333333333334
165,60.0,20.0,30.0,90.0,HoldingQueueWaitingTime:mean,9.999800003999901,0.8333333333333334
166,60.0,20.0,30.0,90.0,ParkedPlanes:mean,1.4999975000374999,0.8333333333333334
167,60.0,20.0,30.0,90.0,Runwayutilization:last,0.8333163893689699,0.8333333333333334
168,60.0,25.0,15.0,60.0,AirportResponseTime:mean,100.0,0.6666666666666666
169,60.0,25.0,15.0,60.0,DepartQueueSize:mean,0.5,0.6666666666666666
170,60.0,25.0,15.0,60.0,DepartQueueWaitingTime:mean,0.0,0.6666666666666666
171,60.0,25.0,15.0,60.0,HoldingQueueSize:mean,0.0,0.6666666666666666
172,60.0,25.0,15.0,60.0,HoldingQueueWaitingTime:mean,0.0,0.6666666666666666
173,60.0,25.0,15.0,60.0,ParkedPlanes:mean,0.5000024999875,0.6666666666666666
174,60.0,25.0,15.0,60.0,Runwayutilization:last,0.6666597223379599,0.6666666666666666
175,60.0,25.0,15.0,75.0,AirportResponseTime:mean,115.0,0.6666666666666666
176,60.0,25.0,15.0,75.0,DepartQueueSize:mean,0.0,0.6666666666666666
177,60.0,25.0,15.0,75.0,DepartQueueWaitingTime:mean,0.0,0.6666666666666666
178,60.0,25.0,15.0,75.0,HoldingQueueSize:mean,0.0,0.6666666666666666
179,60.0,25.0,15.0,75.0,HoldingQueueWaitingTime:mean,0.0,0.6666666666666666
180,60.0,25.0,15.0,75.0,ParkedPlanes:mean,1.4999975000125,0.6666666666666666
181,60.0,25.0,15.0,75.0,Runwayutilization:last,0.6666580557206,0.6666666666666666
182,60.0,25.0,15.0,90.0,AirportResponseTime:mean,145.0,0.6666666666666666
183,60.0,25.0,15.0,90.0,DepartQueueSize:mean,0.33333333333333,0.6666666666666666
184,60.0,25.0,15.0,90.0,DepartQueueWaitingTime:mean,10.0,0.6666666666666666
185,60.0,25.0,15.0,90.0,HoldingQueueSize:mean,0.33332888894815,0.6666666666666666
186,60.0,25.0,15.0,90.0,HoldingQueueWaitingTime:mean,4.9999000019999995,0.6666666666666666
187,60.0,25.0,15.0,90.0,ParkedPlanes:mean,1.5,0.6666666666666666
188,60.0,25.0,15.0,90.0,Runwayutilization:last,0.66665722247407,0.6666666666666666
189,60.0,25.0,20.0,60.0,AirportResponseTime:mean,105.0,0.75
190,60.0,25.0,20.0,60.0,DepartQueueSize:mean,0.5,0.75
191,60.0,25.0,20.0,60.0,DepartQueueWaitingTime:mean,0.0,0.75
192,60.0,25.0,20.0,60.0,HoldingQueueSize:mean,0.0,0.75
193,60.0,25.0,20.0,60.0,HoldingQueueWaitingTime:mean,0.0,0.75
194,60.0,25.0,20.0,60.0,ParkedPlanes:mean,0.5000024999875,0.75
195,60.0,25.0,20.0,60.0,Runwayutilization:last,0.74999104182343,0.75
196,60.0,25.0,20.0,75.0,AirportResponseTime:mean,120.0,0.75
197,60.0,25.0,20.0,75.0,DepartQueueSize:mean,0.0,0.75
198,60.0,25.0,20.0,75.0,DepartQueueWaitingTime:mean,0.0,0.75
199,60.0,25.0,20.0,75.0,HoldingQueueSize:mean,0.4999975000125,0.75
200,60.0,25.0,20.0,75.0,HoldingQueueWaitingTime:mean,0.0,0.75
201,60.0,25.0,20.0,75.0,ParkedPlanes:mean,1.4999975000125,0.75
202,60.0,25.0,20.0,75.0,Runwayutilization:last,0.74998916688333,0.75
203,60.0,25.0,20.0,90.0,AirportResponseTime:mean,150.0,0.75
204,60.0,25.0,20.0,90.0,DepartQueueSize:mean,0.33333333333333,0.75
205,60.0,25.0,20.0,90.0,DepartQueueWaitingTime:mean,7.5,0.75
206,60.0,25.0,20.0,90.0,HoldingQueueSize:mean,0.33332888894815,0.75
207,60.0,25.0,20.0,90.0,HoldingQueueWaitingTime:mean,7.4998500029999,0.75
208,60.0,25.0,20.0,90.0,ParkedPlanes:mean,1.5,0.75
209,60.0,25.0,20.0,90.0,Runwayutilization:last,0.7499877086713399,0.75
210,60.0,25.0,25.0,60.0,AirportResponseTime:mean,110.0,0.8333333333333334
211,60.0,25.0,25.0,60.0,DepartQueueSize:mean,0.5,0.8333333333333334
212,60.0,25.0,25.0,60.0,DepartQueueWaitingTime:mean,0.0,0.8333333333333334
213,60.0,25.0,25.0,60.0,HoldingQueueSize:mean,0.0,0.8333333333333334
214,60.0,25.0,25.0,60.0,HoldingQueueWaitingTime:mean,0.0,0.8333333333333334
215,60.0,25.0,25.0,60.0,ParkedPlanes:mean,0.5000024999875,0.8333333333333334
216,60.0,25.0,25.0,60.0,Runwayutilization:last,0.83332222242592,0.8333333333333334
217,60.0,25.0,25.0,75.0,AirportResponseTime:mean,143.9993,0.8333333333333334
218,60.0,25.0,25.0,75.0,DepartQueueSize:mean,0.37498046813963004,0.8333333333333334
219,60.0,25.0,25.0,75.0,DepartQueueWaitingTime:mean,4.9997,0.8333333333333334
220,60.0,25.0,25.0,75.0,HoldingQueueSize:mean,0.44444506172153997,0.8333333333333334
221,60.0,25.0,25.0,75.0,HoldingQueueWaitingTime:mean,13.9994600054,0.8333333333333334
222,60.0,25.0,25.0,75.0,ParkedPlanes:mean,1.1000494997525,0.8333333333333334
223,60.0,25.0,25.0,75.0,Runwayutilization:last,0.83331805591203,0.8333333333333334
224,60.0,25.0,25.0,90.0,AirportResponseTime:mean,155.0,0.8333333333333334
225,60.0,25.0,25.0,90.0,DepartQueueSize:mean,0.33333333333333,0.8333333333333334
226,60.0,25.0,25.0,90.0,DepartQueueWaitingTime:mean,5.0,0.8333333333333334
227,60.0,25.0,25.0,90.0,HoldingQueueSize:mean,0.33332888894815,0.8333333333333334
228,60.0,25.0,25.0,90.0,HoldingQueueWaitingTime:mean,9.999800003999901,0.8333333333333334
229,60.0,25.0,25.0,90.0,ParkedPlanes:mean,1.5,0.8333333333333334
230,60.0,25.0,25.0,90.0,Runwayutilization:last,0.8333180559884099,0.8333333333333334
231,60.0,25.0,30.0,60.0,AirportResponseTime:mean,115.0,0.9166666666666666
232,60.0,25.0,30.0,60.0,DepartQueueSize:mean,0.5,0.9166666666666666
233,60.0,25.0,30.0,60.0,DepartQueueWaitingTime:mean,0.0,0.9166666666666666
234,60.0,25.0,30.0,60.0,HoldingQueueSize:mean,0.0,0.9166666666666666
235,60.0,25.0,30.0,60.0,HoldingQueueWaitingTime:mean,0.0,0.9166666666666666
236,60.0,25.0,30.0,60.0,ParkedPlanes:mean,0.5000024999875,0.9166666666666666
237,60.0,25.0,30.0,60.0,Runwayutilization:last,0.9166532641457701,0.9166666666666666
238,60.0,25.0,30.0,75.0,AirportResponseTime:mean,157.8562,0.9166666666666666
239,60.0,25.0,30.0,75.0,DepartQueueSize:mean,0.46152313565848,0.9166666666666666
240,60.0,25.0,30.0,75.0,DepartQueueWaitingTime:mean,13.57055,0.9166666666666666
241,60.0,25.0,30.0,75.0,HoldingQueueSize:mean,0.36364272714546003,0.9166666666666666
242,60.0,25.0,30.0,75.0,HoldingQueueWaitingTime:mean,14.285507144929,0.9166666666666666
243,60.0,25.0,30.0,75.0,ParkedPlanes:mean,1.2143089284553998,0.9166666666666666
244,60.0,25.0,30.0,75.0,Runwayutilization:last,0.9166479171354001,0.9166666666666666
245,60.0,25.0,30.0,90.0,AirportResponseTime:mean,160.0,0.9166666666666666
246,60.0,25.0,30.0,90.0,DepartQueueSize:mean,0.42857142857143,0.9166666666666666
247,60.0,25.0,30.0,90.0,DepartQueueWaitingTime:mean,2.5,0.9166666666666666
248,60.0,25.0,30.0,90.0,HoldingQueueSize:mean,0.33332888894815,0.9166666666666666
249,60.0,25.0,30.0,90.0,HoldingQueueWaitingTime:mean,12.499750005,0.9166666666666666
250,60.0,25.0,30.0,90.0,ParkedPlanes:mean,1.4999975000374999,0.9166666666666666
251,60.0,25.0,30.0,90.0,Runwayutilization:last,0.91664826442562,0.9166666666666666
252,60.0,30.0,15.0,60.0,AirportResponseTime:mean,105.0,0.75
253,60.0,30.0,15.0,60.0,DepartQueueSize:mean,0.5,0.75
254,60.0,30.0,15.0,60.0,DepartQueueWaitingTime:mean,0.0,0.75
255,60.0,30.0,15.0,60.0,HoldingQueueSize:mean,0.0,0.75
256,60.0,30.0,15.0,60.0,HoldingQueueWaitingTime:mean,0.0,0.75
257,60.0,30.0,15.0,60.0,ParkedPlanes:mean,0.5000024999875,0.75
258,60.0,30.0,15.0,60.0,Runwayutilization:last,0.74999187514219,0.75
259,60.0,30.0,15.0,75.0,AirportResponseTime:mean,120.0,0.75
260,60.0,30.0,15.0,75.0,DepartQueueSize:mean,0.0,0.75
261,60.0,30.0,15.0,75.0,DepartQueueWaitingTime:mean,0.0,0.75
262,60.0,30.0,15.0,75.0,HoldingQueueSize:mean,0.4999975000125,0.75
263,60.0,30.0,15.0,75.0,HoldingQueueWaitingTime:mean,0.0,0.75
264,60.0,30.0,15.0,75.0,ParkedPlanes:mean,1.4999975000125,0.75
265,60.0,30.0,15.0,75.0,Runwayutilization:last,0.7499900002,0.75
266,60.0,30.0,15.0,90.0,AirportResponseTime:mean,150.0,0.75
267,60.0,30.0,15.0,90.0,DepartQueueSize:mean,0.33333333333333,0.75
268,60.0,30.0,15.0,90.0,DepartQueueWaitingTime:mean,7.5,0.75
269,60.0,30.0,15.0,90.0,HoldingQueueSize:mean,0.33332888894815,0.75
270,60.0,30.0,15.0,90.0,HoldingQueueWaitingTime:mean,7.4998500029999,0.75
271,60.0,30.0,15.0,90.0,ParkedPlanes:mean,1.5,0.75
272,60.0,30.0,15.0,90.0,Runwayutilization:last,0.74998937529218,0.75
273,60.0,30.0,20.0,60.0,AirportResponseTime:mean,110.0,0.8333333333333334
274,60.0,30.0,20.0,60.0,DepartQueueSize:mean,0.5,0.8333333333333334
275,60.0,30.0,20.0,60.0,DepartQueueWaitingTime:mean,0.0,0.8333333333333334
276,60.0,30.0,20.0,60.0,HoldingQueueSize:mean,0.0,0.8333333333333334
277,60.0,30.0,20.0,60.0,HoldingQueueWaitingTime:mean,0.0,0.8333333333333334
278,60.0,30.0,20.0,60.0,ParkedPlanes:mean,0.5000024999875,0.8333333333333334
279,60.0,30.0,20.0,60.0,Runwayutilization:last,0.8333230557439799,0.8333333333333334
280,60.0,30.0,20.0,75.0,AirportResponseTime:mean,140.00005,0.8333333333333334
281,60.0,30.0,20.0,75.0,DepartQueueSize:mean,0.37497656162106,0.8333333333333334
282,60.0,30.0,20.0,75.0,DepartQueueWaitingTime:mean,5.0001,0.8333333333333334
283,60.0,30.0,20.0,75.0,HoldingQueueSize:mean,0.44443950622771,0.8333333333333334
284,60.0,30.0,20.0,75.0,HoldingQueueWaitingTime:mean,9.999850002999901,0.8333333333333334
285,60.0,30.0,20.0,75.0,ParkedPlanes:mean,1.10007399926,0.8333333333333334
286,60.0,30.0,20.0,75.0,Runwayutilization:last,0.8333197226078599,0.8333333333333334
287,60.0,30.0,20.0,90.0,AirportResponseTime:mean,155.0,0.8333333333333334
288,60.0,30.0,20.0,90.0,DepartQueueSize:mean,0.33333333333333,0.8333333333333334
289,60.0,30.0,20.0,90.0,DepartQueueWaitingTime:mean,5.0,0.8333333333333334
290,60.0,30.0,20.0,90.0,HoldingQueueSize:mean,0.33332888894815,0.8333333333333334
291,60.0,30.0,20.0,90.0,HoldingQueueWaitingTime:mean,9.999800003999901,0.8333333333333334
292,60.0,30.0,20.0,90.0,ParkedPlanes:mean,1.5,0.8333333333333334
293,60.0,30.0,20.0,90.0,Runwayutilization:last,0.8333197226078599,0.8333333333333334
294,60.0,30.0,25.0,60.0,AirportResponseTime:mean,115.0,0.9166666666666666
295,60.0,30.0,25.0,60.0,DepartQueueSize:mean,0.5,0.9166666666666666
296,60.0,30.0,25.0,60.0,DepartQueueWaitingTime:mean,0.0,0.9166666666666666
297,60.0,30.0,25.0,60.0,HoldingQueueSize:mean,0.0,0.9166666666666666
298,60.0,30.0,25.0,60.0,HoldingQueueWaitingTime:mean,0.0,0.9166666666666666
299,60.0,30.0,25.0,60.0,ParkedPlanes:mean,0.5000024999875,0.9166666666666666
300,60.0,30.0,25.0,60.0,Runwayutilization:last,0.9166540974631301,0.9166666666666666
301,60.0,30.0,25.0,75.0,AirportResponseTime:mean,154.9994,0.9166666666666666
302,60.0,30.0,25.0,75.0,DepartQueueSize:mean,0.46152893474269,0.9166666666666666
303,60.0,30.0,25.0,75.0,DepartQueueWaitingTime:mean,13.571,0.9166666666666666
304,60.0,30.0,25.0,75.0,HoldingQueueSize:mean,0.36363636363636004,0.9166666666666666
305,60.0,30.0,25.0,75.0,HoldingQueueWaitingTime:mean,11.428371432571002,0.9166666666666666
306,60.0,30.0,25.0,75.0,ParkedPlanes:mean,1.2143028569713998,0.9166666666666666
307,60.0,30.0,25.0,75.0,Runwayutilization:last,0.91664993104368,0.9166666666666666
308,60.0,30.0,25.0,90.0,AirportResponseTime:mean,160.0,0.9166666666666666
309,60.0,30.0,25.0,90.0,DepartQueueSize:mean,0.33333333333333,0.9166666666666666
310,60.0,30.0,25.0,90.0,DepartQueueWaitingTime:mean,2.5,0.9166666666666666
311,60.0,30.0,25.0,90.0,HoldingQueueSize:mean,0.33332888894815,0.9166666666666666
312,60.0,30.0,25.0,90.0,HoldingQueueWaitingTime:mean,12.499750005,0.9166666666666666
313,60.0,30.0,25.0,90.0,ParkedPlanes:mean,1.5,0.9166666666666666
314,60.0,30.0,25.0,90.0,Runwayutilization:last,0.91664993104368,0.9166666666666666
315,60.0,30.0,30.0,60.0,AirportResponseTime:mean,120.0,1.0
316,60.0,30.0,30.0,60.0,DepartQueueSize:mean,0.5,1.0
317,60.0,30.0,30.0,60.0,DepartQueueWaitingTime:mean,0.0,1.0
318,60.0,30.0,30.0,60.0,HoldingQueueSize:mean,0.4999975000125,1.0
319,60.0,30.0,30.0,60.0,HoldingQueueWaitingTime:mean,0.0,1.0
320,60.0,30.0,30.0,60.0,ParkedPlanes:mean,0.5000024999875,1.0
321,60.0,30.0,30.0,60.0,Runwayutilization:last,0.99998500029999,1.0
322,60.0,30.0,30.0,75.0,AirportResponseTime:mean,164.9991,1.0
323,60.0,30.0,30.0,75.0,DepartQueueSize:mean,0.49999499994999996,1.0
324,60.0,30.0,30.0,75.0,DepartQueueWaitingTime:mean,14.9994,1.0
325,60.0,30.0,30.0,75.0,HoldingQueueSize:mean,0.4999975000125,1.0
326,60.0,30.0,30.0,75.0,HoldingQueueWaitingTime:mean,14.9998500015,1.0
327,60.0,30.0,30.0,75.0,ParkedPlanes:mean,1.2499887500562,1.0
328,60.0,30.0,30.0,75.0,Runwayutilization:last,0.99998000049999,1.0
329,60.0,30.0,30.0,90.0,AirportResponseTime:mean,165.0,1.0
330,60.0,30.0,30.0,90.0,DepartQueueSize:mean,0.5,1.0
331,60.0,30.0,30.0,90.0,DepartQueueWaitingTime:mean,0.0,1.0
332,60.0,30.0,30.0,90.0,HoldingQueueSize:mean,0.4999975000375,1.0
333,60.0,30.0,30.0,90.0,HoldingQueueWaitingTime:mean,14.999700006,1.0
334,60.0,30.0,30.0,90.0,ParkedPlanes:mean,1.2500012499813,1.0
335,60.0,30.0,30.0,90.0,Runwayutilization:last,0.9999800005999799,1.0
336,75.0,15.0,15.0,60.0,AirportResponseTime:mean,105.0,0.4
337,75.0,15.0,15.0,60.0,DepartQueueSize:mean,0.5,0.4
338,75.0,15.0,15.0,60.0,DepartQueueWaitingTime:mean,15.0,0.4
339,75.0,15.0,15.0,60.0,HoldingQueueSize:mean,0.0,0.4
340,75.0,15.0,15.0,60.0,HoldingQueueWaitingTime:mean,0.0,0.4
341,75.0,15.0,15.0,60.0,ParkedPlanes:mean,0.5000024999875,0.4
342,75.0,15.0,15.0,60.0,Runwayutilization:last,0.39999640005040005,0.4
343,75.0,15.0,15.0,75.0,AirportResponseTime:mean,105.0,0.4
344,75.0,15.0,15.0,75.0,DepartQueueSize:mean,0.5,0.4
345,75.0,15.0,15.0,75.0,DepartQueueWaitingTime:mean,0.0,0.4
346,75.0,15.0,15.0,75.0,HoldingQueueSize:mean,0.0,0.4
347,75.0,15.0,15.0,75.0,HoldingQueueWaitingTime:mean,0.0,0.4
348,75.0,15.0,15.0,75.0,ParkedPlanes:mean,0.5000024999875,0.4
349,75.0,15.0,15.0,75.0,Runwayutilization:last,0.39999640005040005,0.4
350,75.0,15.0,15.0,90.0,AirportResponseTime:mean,120.0,0.4
351,75.0,15.0,15.0,90.0,DepartQueueSize:mean,0.0,0.4
352,75.0,15.0,15.0,90.0,DepartQueueWaitingTime:mean,0.0,0.4
353,75.0,15.0,15.0,90.0,HoldingQueueSize:mean,0.0,0.4
354,75.0,15.0,15.0,90.0,HoldingQueueWaitingTime:mean,0.0,0.4
355,75.0,15.0,15.0,90.0,ParkedPlanes:mean,1.4999975000125,0.4
356,75.0,15.0,15.0,90.0,Runwayutilization:last,0.3999956000704,0.4
357,75.0,15.0,20.0,60.0,AirportResponseTime:mean,110.0,0.4666666666666667
358,75.0,15.0,20.0,60.0,DepartQueueSize:mean,0.5,0.4666666666666667
359,75.0,15.0,20.0,60.0,DepartQueueWaitingTime:mean,15.0,0.4666666666666667
360,75.0,15.0,20.0,60.0,HoldingQueueSize:mean,0.0,0.4666666666666667
361,75.0,15.0,20.0,60.0,HoldingQueueWaitingTime:mean,0.0,0.4666666666666667
362,75.0,15.0,20.0,60.0,ParkedPlanes:mean,0.5000024999875,0.4666666666666667
363,75.0,15.0,20.0,60.0,Runwayutilization:last,0.46666182229327,0.4666666666666667
364,75.0,15.0,20.0,75.0,AirportResponseTime:mean,110.0,0.4666666666666667
365,75.0,15.0,20.0,75.0,DepartQueueSize:mean,0.5,0.4666666666666667
366,75.0,15.0,20.0,75.0,DepartQueueWaitingTime:mean,0.0,0.4666666666666667
367,75.0,15.0,20.0,75.0,HoldingQueueSize:mean,0.0,0.4666666666666667
368,75.0,15.0,20.0,75.0,HoldingQueueWaitingTime:mean,0.0,0.4666666666666667
369,75.0,15.0,20.0,75.0,ParkedPlanes:mean,0.5000024999875,0.4666666666666667
370,75.0,15.0,20.0,75.0,Runwayutilization:last,0.46666182229327,0.4666666666666667
371,75.0,15.0,20.0,90.0,AirportResponseTime:mean,125.0,0.4666666666666667
372,75.0,15.0,20.0,90.0,DepartQueueSize:mean,0.0,0.4666666666666667
373,75.0,15.0,20.0,90.0,DepartQueueWaitingTime:mean,0.0,0.4666666666666667
374,75.0,15.0,20.0,90.0,HoldingQueueSize:mean,0.0,0.4666666666666667
375,75.0,15.0,20.0,90.0,HoldingQueueWaitingTime:mean,0.0,0.4666666666666667
376,75.0,15.0,20.0,90.0,ParkedPlanes:mean,1.4999975000125,0.4666666666666667
377,75.0,15.0,20.0,90.0,Runwayutilization:last,0.46666088898517993,0.4666666666666667
378,75.0,15.0,25.0,60.0,AirportResponseTime:mean,115.0,0.5333333333333333
379,75.0,15.0,25.0,60.0,DepartQueueSize:mean,0.5,0.5333333333333333
380,75.0,15.0,25.0,60.0,DepartQueueWaitingTime:mean,15.0,0.5333333333333333
381,75.0,15.0,25.0,60.0,HoldingQueueSize:mean,0.0,0.5333333333333333
382,75.0,15.0,25.0,60.0,HoldingQueueWaitingTime:mean,0.0,0.5333333333333333
383,75.0,15.0,25.0,60.0,ParkedPlanes:mean,0.5000024999875,0.5333333333333333
384,75.0,15.0,25.0,60.0,Runwayutilization:last,0.53332715565028,0.5333333333333333
385,75.0,15.0,25.0,75.0,AirportResponseTime:mean,115.0,0.5333333333333333
386,75.0,15.0,25.0,75.0,DepartQueueSize:mean,0.5,0.5333333333333333
387,75.0,15.0,25.0,75.0,DepartQueueWaitingTime:mean,0.0,0.5333333333333333
388,75.0,15.0,25.0,75.0,HoldingQueueSize:mean,0.0,0.5333333333333333
389,75.0,15.0,25.0,75.0,HoldingQueueWaitingTime:mean,0.0,0.5333333333333333
390,75.0,15.0,25.0,75.0,ParkedPlanes:mean,0.5000024999875,0.5333333333333333
391,75.0,15.0,25.0,75.0,Runwayutilization:last,0.53332715565028,0.5333333333333333
392,75.0,15.0,25.0,90.0,AirportResponseTime:mean,130.0,0.5333333333333333
393,75.0,15.0,25.0,90.0,DepartQueueSize:mean,0.0,0.5333333333333333
394,75.0,15.0,25.0,90.0,DepartQueueWaitingTime:mean,0.0,0.5333333333333333
395,75.0,15.0,25.0,90.0,HoldingQueueSize:mean,0.0,0.5333333333333333
396,75.0,15.0,25.0,90.0,HoldingQueueWaitingTime:mean,0.0,0.5333333333333333
397,75.0,15.0,25.0,90.0,ParkedPlanes:mean,1.4999975000125,0.5333333333333333
398,75.0,15.0,25.0,90.0,Runwayutilization:last,0.53332608901446,0.5333333333333333
399,75.0,15.0,30.0,60.0,AirportResponseTime:mean,120.0,0.6
400,75.0,15.0,30.0,60.0,DepartQueueSize:mean,0.5,0.6
401,75.0,15.0,30.0,60.0,DepartQueueWaitingTime:mean,15.0,0.6
402,75.0,15.0,30.0,60.0,HoldingQueueSize:mean,0.0,0.6
403,75.0,15.0,30.0,60.0,HoldingQueueWaitingTime:mean,0.0,0.6
404,75.0,15.0,30.0,60.0,ParkedPlanes:mean,0.5000024999875,0.6
405,75.0,15.0,30.0,60.0,Runwayutilization:last,0.5999924001215999,0.6
406,75.0,15.0,30.0,75.0,AirportResponseTime:mean,120.0,0.6
407,75.0,15.0,30.0,75.0,DepartQueueSize:mean,0.5,0.6
408,75.0,15.0,30.0,75.0,DepartQueueWaitingTime:mean,0.0,0.6
409,75.0,15.0,30.0,75.0,HoldingQueueSize:mean,0.0,0.6
410,75.0,15.0,30.0,75.0,HoldingQueueWaitingTime:mean,0.0,0.6
411,75.0,15.0,30.0,75.0,ParkedPlanes:mean,0.5000024999875,0.6
412,75.0,15.0,30.0,75.0,Runwayutilization:last,0.5999924001215999,0.6
413,75.0,15.0,30.0,90.0,AirportResponseTime:mean,135.0,0.6
414,75.0,15.0,30.0,90.0,DepartQueueSize:mean,0.0,0.6
415,75.0,15.0,30.0,90.0,DepartQueueWaitingTime:mean,0.0,0.6
416,75.0,15.0,30.0,90.0,HoldingQueueSize:mean,0.0,0.6
417,75.0,15.0,30.0,90.0,HoldingQueueWaitingTime:mean,0.0,0.6
418,75.0,15.0,30.0,90.0,ParkedPlanes:mean,1.4999975000125,0.6
419,75.0,15.0,30.0,90.0,Runwayutilization:last,0.5999912001584,0.6
420,75.0,20.0,15.0,60.0,AirportResponseTime:mean,110.0,0.4666666666666667
421,75.0,20.0,15.0,60.0,DepartQueueSize:mean,0.5,0.4666666666666667
422,75.0,20.0,15.0,60.0,DepartQueueWaitingTime:mean,15.0,0.4666666666666667
423,75.0,20.0,15.0,60.0,HoldingQueueSize:mean,0.0,0.4666666666666667
424,75.0,20.0,15.0,60.0,HoldingQueueWaitingTime:mean,0.0,0.4666666666666667
425,75.0,20.0,15.0,60.0,ParkedPlanes:mean,0.5000024999875,0.4666666666666667
426,75.0,20.0,15.0,60.0,Runwayutilization:last,0.46666248895016,0.4666666666666667
427,75.0,20.0,15.0,75.0,AirportResponseTime:mean,110.0,0.4666666666666667
428,75.0,20.0,15.0,75.0,DepartQueueSize:mean,0.5,0.4666666666666667
429,75.0,20.0,15.0,75.0,DepartQueueWaitingTime:mean,0.0,0.4666666666666667
430,75.0,20.0,15.0,75.0,HoldingQueueSize:mean,0.0,0.4666666666666667
431,75.0,20.0,15.0,75.0,HoldingQueueWaitingTime:mean,0.0,0.4666666666666667
432,75.0,20.0,15.0,75.0,ParkedPlanes:mean,0.5000024999875,0.4666666666666667
433,75.0,20.0,15.0,75.0,Runwayutilization:last,0.46666248895016,0.4666666666666667
434,75.0,20.0,15.0,90.0,AirportResponseTime:mean,125.0,0.4666666666666667
435,75.0,20.0,15.0,90.0,DepartQueueSize:mean,0.0,0.4666666666666667
436,75.0,20.0,15.0,90.0,DepartQueueWaitingTime:mean,0.0,0.4666666666666667
437,75.0,20.0,15.0,90.0,HoldingQueueSize:mean,0.0,0.4666666666666667
438,75.0,20.0,15.0,90.0,HoldingQueueWaitingTime:mean,0.0,0.4666666666666667
439,75.0,20.0,15.0,90.0,ParkedPlanes:mean,1.4999975000125,0.4666666666666667
440,75.0,20.0,15.0,90.0,Runwayutilization:last,0.46666155564074,0.4666666666666667
441,75.0,20.0,20.0,60.0,AirportResponseTime:mean,115.0,0.5333333333333333
442,75.0,20.0,20.0,60.0,DepartQueueSize:mean,0.5,0.5333333333333333
443,75.0,20.0,20.0,60.0,DepartQueueWaitingTime:mean,15.0,0.5333333333333333
444,75.0,20.0,20.0,60.0,HoldingQueueSize:mean,0.0,0.5333333333333333
445,75.0,20.0,20.0,60.0,HoldingQueueWaitingTime:mean,0.0,0.5333333333333333
446,75.0,20.0,20.0,60.0,ParkedPlanes:mean,0.5000024999875,0.5333333333333333
447,75.0,20.0,20.0,60.0,Runwayutilization:last,0.5333278223067199,0.5333333333333333
448,75.0,20.0,20.0,75.0,AirportResponseTime:mean,115.0,0.5333333333333333
449,75.0,20.0,20.0,75.0,DepartQueueSize:mean,0.5,0.5333333333333333
450,75.0,20.0,20.0,75.0,DepartQueueWaitingTime:mean,0.0,0.5333333333333333
451,75.0,20.0,20.0,75.0,HoldingQueueSize:mean,0.0,0.5333333333333333
452,75.0,20.0,20.0,75.0,HoldingQueueWaitingTime:mean,0.0,0.5333333333333333
453,75.0,20.0,20.0,75.0,ParkedPlanes:mean,0.5000024999875,0.5333333333333333
454,75.0,20.0,20.0,75.0,Runwayutilization:last,0.5333278223067199,0.5333333333333333
455,75.0,20.0,20.0,90.0,AirportResponseTime:mean,130.0,0.5333333333333333
456,75.0,20.0,20.0,90.0,DepartQueueSize:mean,0.0,0.5333333333333333
457,75.0,20.0,20.0,90.0,DepartQueueWaitingTime:mean,0.0,0.5333333333333333
458,75.0,20.0,20.0,90.0,HoldingQueueSize:mean,0.0,0.5333333333333333
459,75.0,20.0,20.0,90.0,HoldingQueueWaitingTime:mean,0.0,0.5333333333333333
460,75.0,20.0,20.0,90.0,ParkedPlanes:mean,1.4999975000125,0.5333333333333333
461,75.0,20.0,20.0,90.0,Runwayutilization:last,0.53332675566957,0.5333333333333333
462,75.0,20.0,25.0,60.0,AirportResponseTime:mean,120.0,0.6
463,75.0,20.0,25.0,60.0,DepartQueueSize:mean,0.5,0.6
464,75.0,20.0,25.0,60.0,DepartQueueWaitingTime:mean,15.0,0.6
465,75.0,20.0,25.0,60.0,HoldingQueueSize:mean,0.0,0.6
466,75.0,20.0,25.0,60.0,HoldingQueueWaitingTime:mean,0.0,0.6
467,75.0,20.0,25.0,60.0,ParkedPlanes:mean,0.5000024999875,0.6
468,75.0,20.0,25.0,60.0,Runwayutilization:last,0.5999930667776,0.6
469,75.0,20.0,25.0,75.0,AirportResponseTime:mean,120.0,0.6
470,75.0,20.0,25.0,75.0,DepartQueueSize:mean,0.5,0.6
471,75.0,20.0,25.0,75.0,DepartQueueWaitingTime:mean,0.0,0.6
472,75.0,20.0,25.0,75.0,HoldingQueueSize:mean,0.0,0.6
473,75.0,20.0,25.0,75.0,HoldingQueueWaitingTime:mean,0.0,0.6
474,75.0,20.0,25.0,75.0,ParkedPlanes:mean,0.5000024999875,0.6
475,75.0,20.0,25.0,75.0,Runwayutilization:last,0.5999930667776,0.6
476,75.0,20.0,25.0,90.0,AirportResponseTime:mean,135.0,0.6
477,75.0,20.0,25.0,90.0,DepartQueueSize:mean,0.0,0.6
478,75.0,20.0,25.0,90.0,DepartQueueWaitingTime:mean,0.0,0.6
479,75.0,20.0,25.0,90.0,HoldingQueueSize:mean,0.0,0.6
480,75.0,20.0,25.0,90.0,HoldingQueueWaitingTime:mean,0.0,0.6
481,75.0,20.0,25.0,90.0,ParkedPlanes:mean,1.4999975000125,0.6
482,75.0,20.0,25.0,90.0,Runwayutilization:last,0.59999186681306,0.6
483,75.0,20.0,30.0,60.0,AirportResponseTime:mean,125.0,0.6666666666666666
484,75.0,20.0,30.0,60.0,DepartQueueSize:mean,0.5,0.6666666666666666
485,75.0,20.0,30.0,60.0,DepartQueueWaitingTime:mean,15.0,0.6666666666666666
486,75.0,20.0,30.0,60.0,HoldingQueueSize:mean,0.0,0.6666666666666666
487,75.0,20.0,30.0,60.0,HoldingQueueWaitingTime:mean,0.0,0.6666666666666666
488,75.0,20.0,30.0,60.0,ParkedPlanes:mean,0.5000024999875,0.6666666666666666
489,75.0,20.0,30.0,60.0,Runwayutilization:last,0.66665822236296,0.6666666666666666
490,75.0,20.0,30.0,75.0,AirportResponseTime:mean,125.0,0.6666666666666666
491,75.0,20.0,30.0,75.0,DepartQueueSize:mean,0.5,0.6666666666666666
492,75.0,20.0,30.0,75.0,DepartQueueWaitingTime:mean,0.0,0.6666666666666666
493,75.0,20.0,30.0,75.0,HoldingQueueSize:mean,0.0,0.6666666666666666
494,75.0,20.0,30.0,75.0,HoldingQueueWaitingTime:mean,0.0,0.6666666666666666
495,75.0,20.0,30.0,75.0,ParkedPlanes:mean,0.5000024999875,0.6666666666666666
496,75.0,20.0,30.0,75.0,Runwayutilization:last,0.66665822236296,0.6666666666666666
497,75.0,20.0,30.0,90.0,AirportResponseTime:mean,140.0,0.6666666666666666
498,75.0,20.0,30.0,90.0,DepartQueueSize:mean,0.0,0.6666666666666666
499,75.0,20.0,30.0,90.0,DepartQueueWaitingTime:mean,0.0,0.6666666666666666
500,75.0,20.0,30.0,90.0,HoldingQueueSize:mean,0.0,0.6666666666666666
501,75.0,20.0,30.0,90.0,HoldingQueueWaitingTime:mean,0.0,0.6666666666666666
502,75.0,20.0,30.0,90.0,ParkedPlanes:mean,1.4999975000125,0.6666666666666666
503,75.0,20.0,30.0,90.0,Runwayutilization:last,0.6666568890714,0.6666666666666666
504,75.0,25.0,15.0,60.0,AirportResponseTime:mean,115.0,0.5333333333333333
505,75.0,25.0,15.0,60.0,DepartQueueSize:mean,0.5,0.5333333333333333
506,75.0,25.0,15.0,60.0,DepartQueueWaitingTime:mean,15.0,0.5333333333333333
507,75.0,25.0,15.0,60.0,HoldingQueueSize:mean,0.0,0.5333333333333333
508,75.0,25.0,15.0,60.0,HoldingQueueWaitingTime:mean,0.0,0.5333333333333333
509,75.0,25.0,15.0,60.0,ParkedPlanes:mean,0.5000024999875,0.5333333333333333
510,75.0,25.0,15.0,60.0,Runwayutilization:last,0.53332848896317,0.5333333333333333
511,75.0,25.0,15.0,75.0,AirportResponseTime:mean,115.0,0.5333333333333333
512,75.0,25.0,15.0,75.0,DepartQueueSize:mean,0.5,0.5333333333333333
513,75.0,25.0,15.0,75.0,DepartQueueWaitingTime:mean,0.0,0.5333333333333333
514,75.0,25.0,15.0,75.0,HoldingQueueSize:mean,0.0,0.5333333333333333
515,75.0,25.0,15.0,75.0,HoldingQueueWaitingTime:mean,0.0,0.5333333333333333
516,75.0,25.0,15.0,75.0,ParkedPlanes:mean,0.5000024999875,0.5333333333333333
517,75.0,25.0,15.0,75.0,Runwayutilization:last,0.53332848896317,0.5333333333333333
518,75.0,25.0,15.0,90.0,AirportResponseTime:mean,130.0,0.5333333333333333
519,75.0,25.0,15.0,90.0,DepartQueueSize:mean,0.0,0.5333333333333333
520,75.0,25.0,15.0,90.0,DepartQueueWaitingTime:mean,0.0,0.5333333333333333
521,75.0,25.0,15.0,90.0,HoldingQueueSize:mean,0.0,0.5333333333333333
522,75.0,25.0,15.0,90.0,HoldingQueueWaitingTime:mean,0.0,0.5333333333333333
523,75.0,25.0,15.0,90.0,ParkedPlanes:mean,1.4999975000125,0.5333333333333333
524,75.0,25.0,15.0,90.0,Runwayutilization:last,0.53332742232468,0.5333333333333333
525,75.0,25.0,20.0,60.0,AirportResponseTime:mean,120.0,0.6
526,75.0,25.0,20.0,60.0,DepartQueueSize:mean,0.5,0.6
527,75.0,25.0,20.0,60.0,DepartQueueWaitingTime:mean,15.0,0.6
528,75.0,25.0,20.0,60.0,HoldingQueueSize:mean,0.0,0.6
529,75.0,25.0,20.0,60.0,HoldingQueueWaitingTime:mean,0.0,0.6
530,75.0,25.0,20.0,60.0,ParkedPlanes:mean,0.5000024999875,0.6
531,75.0,25.0,20.0,60.0,Runwayutilization:last,0.5999937334336,0.6
532,75.0,25.0,20.0,75.0,AirportResponseTime:mean,120.0,0.6
533,75.0,25.0,20.0,75.0,DepartQueueSize:mean,0.5,0.6
534,75.0,25.0,20.0,75.0,DepartQueueWaitingTime:mean,0.0,0.6
535,75.0,25.0,20.0,75.0,HoldingQueueSize:mean,0.0,0.6
536,75.0,25.0,20.0,75.0,HoldingQueueWaitingTime:mean,0.0,0.6
537,75.0,25.0,20.0,75.0,ParkedPlanes:mean,0.5000024999875,0.6
538,75.0,25.0,20.0,75.0,Runwayutilization:last,0.5999937334336,0.6
539,75.0,25.0,20.0,90.0,AirportResponseTime:mean,135.0,0.6
540,75.0,25.0,20.0,90.0,DepartQueueSize:mean,0.0,0.6
541,75.0,25.0,20.0,90.0,DepartQueueWaitingTime:mean,0.0,0.6
542,75.0,25.0,20.0,90.0,HoldingQueueSize:mean,0.0,0.6
543,75.0,25.0,20.0,90.0,HoldingQueueWaitingTime:mean,0.0,0.6
544,75.0,25.0,20.0,90.0,ParkedPlanes:mean,1.4999975000125,0.6
545,75.0,25.0,20.0,90.0,Runwayutilization:last,0.59999253346773,0.6
546,75.0,25.0,25.0,60.0,AirportResponseTime:mean,125.0,0.6666666666666666
547,75.0,25.0,25.0,60.0,DepartQueueSize:mean,0.5,0.6666666666666666
548,75.0,25.0,25.0,60.0,DepartQueueWaitingTime:mean,15.0,0.6666666666666666
549,75.0,25.0,25.0,60.0,HoldingQueueSize:mean,0.0,0.6666666666666666
550,75.0,25.0,25.0,60.0,HoldingQueueWaitingTime:mean,0.0,0.6666666666666666
551,75.0,25.0,25.0,60.0,ParkedPlanes:mean,0.5000024999875,0.6666666666666666
552,75.0,25.0,25.0,60.0,Runwayutilization:last,0.66665888901852,0.6666666666666666
553,75.0,25.0,25.0,75.0,AirportResponseTime:mean,125.0,0.6666666666666666
554,75.0,25.0,25.0,75.0,DepartQueueSize:mean,0.5,0.6666666666666666
555,75.0,25.0,25.0,75.0,DepartQueueWaitingTime:mean,0.0,0.6666666666666666
556,75.0,25.0,25.0,75.0,HoldingQueueSize:mean,0.0,0.6666666666666666
557,75.0,25.0,25.0,75.0,HoldingQueueWaitingTime:mean,0.0,0.6666666666666666
558,75.0,25.0,25.0,75.0,ParkedPlanes:mean,0.5000024999875,0.6666666666666666
559,75.0,25.0,25.0,75.0,Runwayutilization:last,0.66665888901852,0.6666666666666666
560,75.0,25.0,25.0,90.0,AirportResponseTime:mean,140.0,0.6666666666666666
561,75.0,25.0,25.0,90.0,DepartQueueSize:mean,0.0,0.6666666666666666
562,75.0,25.0,25.0,90.0,DepartQueueWaitingTime:mean,0.0,0.6666666666666666
563,75.0,25.0,25.0,90.0,HoldingQueueSize:mean,0.0,0.6666666666666666
564,75.0,25.0,25.0,90.0,HoldingQueueWaitingTime:mean,0.0,0.6666666666666666
565,75.0,25.0,25.0,90.0,ParkedPlanes:mean,1.4999975000125,0.6666666666666666
566,75.0,25.0,25.0,90.0,Runwayutilization:last,0.66665755572563,0.6666666666666666
567,75.0,25.0,30.0,60.0,AirportResponseTime:mean,130.0,0.7333333333333333
568,75.0,25.0,30.0,60.0,DepartQueueSize:mean,0.5,0.7333333333333333
569,75.0,25.0,30.0,60.0,DepartQueueWaitingTime:mean,15.0,0.7333333333333333
570,75.0,25.0,30.0,60.0,HoldingQueueSize:mean,0.0,0.7333333333333333
571,75.0,25.0,30.0,60.0,HoldingQueueWaitingTime:mean,0.0,0.7333333333333333
572,75.0,25.0,30.0,60.0,ParkedPlanes:mean,0.5000024999875,0.7333333333333333
573,75.0,25.0,30.0,60.0,Runwayutilization:last,0.7333239557180999,0.7333333333333333
574,75.0,25.0,30.0,75.0,AirportResponseTime:mean,130.0,0.7333333333333333
575,75.0,25.0,30.0,75.0,DepartQueueSize:mean,0.5,0.7333333333333333
576,75.0,25.0,30.0,75.0,DepartQueueWaitingTime:mean,0.0,0.7333333333333333
577,75.0,25.0,30.0,75.0,HoldingQueueSize:mean,0.0,0.7333333333333333
578,75.0,25.0,30.0,75.0,HoldingQueueWaitingTime:mean,0.0,0.7333333333333333
579,75.0,25.0,30.0,75.0,ParkedPlanes:mean,0.5000024999875,0.7333333333333333
580,75.0,25.0,30.0,75.0,Runwayutilization:last,0.7333239557180999,0.7333333333333333
581,75.0,25.0,30.0,90.0,AirportResponseTime:mean,145.0,0.7333333333333333
582,75.0,25.0,30.0,90.0,DepartQueueSize:mean,0.0,0.7333333333333333
583,75.0,25.0,30.0,90.0,DepartQueueWaitingTime:mean,0.0,0.7333333333333333
584,75.0,25.0,30.0,90.0,HoldingQueueSize:mean,0.0,0.7333333333333333
585,75.0,25.0,30.0,90.0,HoldingQueueWaitingTime:mean,0.0,0.7333333333333333
586,75.0,25.0,30.0,90.0,ParkedPlanes:mean,1.4999975000125,0.7333333333333333
587,75.0,25.0,30.0,90.0,Runwayutilization:last,0.7333224890985401,0.7333333333333333
588,75.0,30.0,15.0,60.0,AirportResponseTime:mean,120.0,0.6
589,75.0,30.0,15.0,60.0,DepartQueueSize:mean,0.5,0.6
590,75.0,30.0,15.0,60.0,DepartQueueWaitingTime:mean,15.0,0.6
591,75.0,30.0,15.0,60.0,HoldingQueueSize:mean,0.0,0.6
592,75.0,30.0,15.0,60.0,HoldingQueueWaitingTime:mean,0.0,0.6
593,75.0,30.0,15.0,60.0,ParkedPlanes:mean,0.5000024999875,0.6
594,75.0,30.0,15.0,60.0,Runwayutilization:last,0.5999944000896,0.6
595,75.0,30.0,15.0,75.0,AirportResponseTime:mean,120.0,0.6
596,75.0,30.0,15.0,75.0,DepartQueueSize:mean,0.5,0.6
597,75.0,30.0,15.0,75.0,DepartQueueWaitingTime:mean,0.0,0.6
598,75.0,30.0,15.0,75.0,HoldingQueueSize:mean,0.0,0.6
599,75.0,30.0,15.0,75.0,HoldingQueueWaitingTime:mean,0.0,0.6
600,75.0,30.0,15.0,75.0,ParkedPlanes:mean,0.5000024999875,0.6
601,75.0,30.0,15.0,75.0,Runwayutilization:last,0.5999944000896,0.6
602,75.0,30.0,15.0,90.0,AirportResponseTime:mean,135.0,0.6
603,75.0,30.0,15.0,90.0,DepartQueueSize:mean,0.0,0.6
604,75.0,30.0,15.0,90.0,DepartQueueWaitingTime:mean,0.0,0.6
605,75.0,30.0,15.0,90.0,HoldingQueueSize:mean,0.0,0.6
606,75.0,30.0,15.0,90.0,HoldingQueueWaitingTime:mean,0.0,0.6
607,75.0,30.0,15.0,90.0,ParkedPlanes:mean,1.4999975000125,0.6
608,75.0,30.0,15.0,90.0,Runwayutilization:last,0.5999932001224,0.6
609,75.0,30.0,20.0,60.0,AirportResponseTime:mean,125.0,0.6666666666666666
610,75.0,30.0,20.0,60.0,DepartQueueSize:mean,0.5,0.6666666666666666
611,75.0,30.0,20.0,60.0,DepartQueueWaitingTime:mean,15.0,0.6666666666666666
612,75.0,30.0,20.0,60.0,HoldingQueueSize:mean,0.0,0.6666666666666666
613,75.0,30.0,20.0,60.0,HoldingQueueWaitingTime:mean,0.0,0.6666666666666666
614,75.0,30.0,20.0,60.0,ParkedPlanes:mean,0.5000024999875,0.6666666666666666
615,75.0,30.0,20.0,60.0,Runwayutilization:last,0.66665955567407,0.6666666666666666
616,75.0,30.0,20.0,75.0,AirportResponseTime:mean,125.0,0.6666666666666666
617,75.0,30.0,20.0,75.0,DepartQueueSize:mean,0.5,0.6666666666666666
618,75.0,30.0,20.0,75.0,DepartQueueWaitingTime:mean,0.0,0.6666666666666666
619,75.0,30.0,20.0,75.0,HoldingQueueSize:mean,0.0,0.6666666666666666
620,75.0,30.0,20.0,75.0,HoldingQueueWaitingTime:mean,0.0,0.6666666666666666
621,75.0,30.0,20.0,75.0,ParkedPlanes:mean,0.5000024999875,0.6666666666666666
622,75.0,30.0,20.0,75.0,Runwayutilization:last,0.66665955567407,0.6666666666666666
623,75.0,30.0,20.0,90.0,AirportResponseTime:mean,140.0,0.6666666666666666
624,75.0,30.0,20.0,90.0,DepartQueueSize:mean,0.0,0.6666666666666666
625,75.0,30.0,20.0,90.0,DepartQueueWaitingTime:mean,0.0,0.6666666666666666
626,75.0,30.0,20.0,90.0,HoldingQueueSize:mean,0.0,0.6666666666666666
627,75.0,30.0,20.0,90.0,HoldingQueueWaitingTime:mean,0.0,0.6666666666666666
628,75.0,30.0,20.0,90.0,ParkedPlanes:mean,1.4999975000125,0.6666666666666666
629,75.0,30.0,20.0,90.0,Runwayutilization:last,0.66665822237985,0.6666666666666666
630,75.0,30.0,25.0,60.0,AirportResponseTime:mean,130.0,0.7333333333333333
631,75.0,30.0,25.0,60.0,DepartQueueSize:mean,0.5,0.7333333333333333
632,75.0,30.0,25.0,60.0,DepartQueueWaitingTime:mean,15.0,0.7333333333333333
633,75.0,30.0,25.0,60.0,HoldingQueueSize:mean,0.0,0.7333333333333333
634,75.0,30.0,25.0,60.0,HoldingQueueWaitingTime:mean,0.0,0.7333333333333333
635,75.0,30.0,25.0,60.0,ParkedPlanes:mean,0.5000024999875,0.7333333333333333
636,75.0,30.0,25.0,60.0,Runwayutilization:last,0.7333246223732099,0.7333333333333333
637,75.0,30.0,25.0,75.0,AirportResponseTime:mean,130.0,0.7333333333333333
638,75.0,30.0,25.0,75.0,DepartQueueSize:mean,0.5,0.7333333333333333
639,75.0,30.0,25.0,75.0,DepartQueueWaitingTime:mean,0.0,0.7333333333333333
640,75.0,30.0,25.0,75.0,HoldingQueueSize:mean,0.0,0.7333333333333333
641,75.0,30.0,25.0,75.0,HoldingQueueWaitingTime:mean,0.0,0.7333333333333333
642,75.0,30.0,25.0,75.0,ParkedPlanes:mean,0.5000024999875,0.7333333333333333
643,75.0,30.0,25.0,75.0,Runwayutilization:last,0.7333246223732099,0.7333333333333333
644,75.0,30.0,25.0,90.0,AirportResponseTime:mean,145.0,0.7333333333333333
645,75.0,30.0,25.0,90.0,DepartQueueSize:mean,0.0,0.7333333333333333
646,75.0,30.0,25.0,90.0,DepartQueueWaitingTime:mean,0.0,0.7333333333333333
647,75.0,30.0,25.0,90.0,HoldingQueueSize:mean,0.0,0.7333333333333333
648,75.0,30.0,25.0,90.0,HoldingQueueWaitingTime:mean,0.0,0.7333333333333333
649,75.0,30.0,25.0,90.0,ParkedPlanes:mean,1.4999975000125,0.7333333333333333
650,75.0,30.0,25.0,90.0,Runwayutilization:last,0.73332315575232,0.7333333333333333
651,75.0,30.0,30.0,60.0,AirportResponseTime:mean,135.0,0.8
652,75.0,30.0,30.0,60.0,DepartQueueSize:mean,0.5,0.8
653,75.0,30.0,30.0,60.0,DepartQueueWaitingTime:mean,15.0,0.8
654,75.0,30.0,30.0,60.0,HoldingQueueSize:mean,0.0,0.8
655,75.0,30.0,30.0,60.0,HoldingQueueWaitingTime:mean,0.0,0.8
656,75.0,30.0,30.0,60.0,ParkedPlanes:mean,0.5000024999875,0.8
657,75.0,30.0,30.0,60.0,Runwayutilization:last,0.7999896001872,0.8
658,75.0,30.0,30.0,75.0,AirportResponseTime:mean,135.0,0.8
659,75.0,30.0,30.0,75.0,DepartQueueSize:mean,0.5,0.8
660,75.0,30.0,30.0,75.0,DepartQueueWaitingTime:mean,0.0,0.8
661,75.0,30.0,30.0,75.0,HoldingQueueSize:mean,0.0,0.8
662,75.0,30.0,30.0,75.0,HoldingQueueWaitingTime:mean,0.0,0.8
663,75.0,30.0,30.0,75.0,ParkedPlanes:mean,0.5000024999875,0.8
664,75.0,30.0,30.0,75.0,Runwayutilization:last,0.7999896001872,0.8
665,75.0,30.0,30.0,90.0,AirportResponseTime:mean,150.0,0.8
666,75.0,30.0,30.0,90.0,DepartQueueSize:mean,0.0,0.8
667,75.0,30.0,30.0,90.0,DepartQueueWaitingTime:mean,0.0,0.8
668,75.0,30.0,30.0,90.0,HoldingQueueSize:mean,0.4999975000125,0.8
669,75.0,30.0,30.0,90.0,HoldingQueueWaitingTime:mean,0.0,0.8
670,75.0,30.0,30.0,90.0,ParkedPlanes:mean,1.4999975000125,0.8
671,75.0,30.0,30.0,90.0,Runwayutilization:last,0.7999880002399999,0.8
672,90.0,15.0,15.0,60.0,AirportResponseTime:mean,90.0,0.3333333333333333
673,90.0,15.0,15.0,60.0,DepartQueueSize:mean,0.0,0.3333333333333333
674,90.0,15.0,15.0,60.0,DepartQueueWaitingTime:mean,0.0,0.3333333333333333
675,90.0,15.0,15.0,60.0,HoldingQueueSize:mean,0.5,0.3333333333333333
676,90.0,15.0,15.0,60.0,HoldingQueueWaitingTime:mean,0.0,0.3333333333333333
677,90.0,15.0,15.0,60.0,ParkedPlanes:mean,0.5,0.3333333333333333
678,90.0,15.0,15.0,60.0,Runwayutilization:last,0.33333000003333,0.3333333333333333
679,90.0,15.0,15.0,75.0,AirportResponseTime:mean,120.0,0.3333333333333333
680,90.0,15.0,15.0,75.0,DepartQueueSize:mean,0.5,0.3333333333333333
681,90.0,15.0,15.0,75.0,DepartQueueWaitingTime:mean,15.0,0.3333333333333333
682,90.0,15.0,15.0,75.0,HoldingQueueSize:mean,0.0,0.3333333333333333
683,90.0,15.0,15.0,75.0,HoldingQueueWaitingTime:mean,0.0,0.3333333333333333
684,90.0,15.0,15.0,75.0,ParkedPlanes:mean,0.5000024999875,0.3333333333333333
685,90.0,15.0,15.0,75.0,Runwayutilization:last,0.33333055559259,0.3333333333333333
686,90.0,15.0,15.0,90.0,AirportResponseTime:mean,120.0,0.3333333333333333
687,90.0,15.0,15.0,90.0,DepartQueueSize:mean,0.5,0.3333333333333333
688,90.0,15.0,15.0,90.0,DepartQueueWaitingTime:mean,0.0,0.3333333333333333
689,90.0,15.0,15.0,90.0,HoldingQueueSize:mean,0.0,0.3333333333333333
690,90.0,15.0,15.0,90.0,HoldingQueueWaitingTime:mean,0.0,0.3333333333333333
691,90.0,15.0,15.0,90.0,ParkedPlanes:mean,0.5000024999875,0.3333333333333333
692,90.0,15.0,15.0,90.0,Runwayutilization:last,0.33333055559259,0.3333333333333333
693,90.0,15.0,20.0,60.0,AirportResponseTime:mean,106.25,0.3888888888888889
694,90.0,15.0,20.0,60.0,DepartQueueSize:mean,0.2,0.3888888888888889
695,90.0,15.0,20.0,60.0,DepartQueueWaitingTime:mean,3.75,0.3888888888888889
696,90.0,15.0,20.0,60.0,HoldingQueueSize:mean,0.42856897960583,0.3888888888888889
697,90.0,15.0,20.0,60.0,HoldingQueueWaitingTime:mean,7.49992500075,0.3888888888888889
698,90.0,15.0,20.0,60.0,ParkedPlanes:mean,0.5000024999875,0.3888888888888889
699,90.0,15.0,20.0,60.0,Runwayutilization:last,0.38888515437286,0.3888888888888889
700,90.0,15.0,20.0,75.0,AirportResponseTime:mean,125.0,0.3888888888888889
701,90.0,15.0,20.0,75.0,DepartQueueSize:mean,0.5,0.3888888888888889
702,90.0,15.0,20.0,75.0,DepartQueueWaitingTime:mean,15.0,0.3888888888888889
703,90.0,15.0,20.0,75.0,HoldingQueueSize:mean,0.0,0.3888888888888889
704,90.0,15.0,20.0,75.0,HoldingQueueWaitingTime:mean,0.0,0.3888888888888889
705,90.0,15.0,20.0,75.0,ParkedPlanes:mean,0.5000024999875,0.3888888888888889
706,90.0,15.0,20.0,75.0,Runwayutilization:last,0.38888515437286,0.3888888888888889
707,90.0,15.0,20.0,90.0,AirportResponseTime:mean,125.0,0.3888888888888889
708,90.0,15.0,20.0,90.0,DepartQueueSize:mean,0.5,0.3888888888888889
709,90.0,15.0,20.0,90.0,DepartQueueWaitingTime:mean,0.0,0.3888888888888889
710,90.0,15.0,20.0,90.0,HoldingQueueSize:mean,0.0,0.3888888888888889
711,90.0,15.0,20.0,90.0,HoldingQueueWaitingTime:mean,0.0,0.3888888888888889
712,90.0,15.0,20.0,90.0,ParkedPlanes:mean,0.5000024999875,0.3888888888888889
713,90.0,15.0,20.0,90.0,Runwayutilization:last,0.38888515437286,0.3888888888888889
714,90.0,15.0,25.0,60.0,AirportResponseTime:mean,113.3332,0.4444444444444444
715,90.0,15.0,25.0,60.0,DepartQueueSize:mean,0.24999812499531002,0.4444444444444444
716,90.0,15.0,25.0,60.0,DepartQueueWaitingTime:mean,3.3333,0.4444444444444444
717,90.0,15.0,25.0,60.0,HoldingQueueSize:mean,0.4000011999975999,0.4444444444444444
718,90.0,15.0,25.0,60.0,HoldingQueueWaitingTime:mean,9.9999,0.4444444444444444
719,90.0,15.0,25.0,60.0,ParkedPlanes:mean,0.5,0.4444444444444444
720,90.0,15.0,25.0,60.0,Runwayutilization:last,0.44443950622771,0.4444444444444444
721,90.0,15.0,25.0,75.0,AirportResponseTime:mean,130.0,0.4444444444444444
722,90.0,15.0,25.0,75.0,DepartQueueSize:mean,0.5,0.4444444444444444
723,90.0,15.0,25.0,75.0,DepartQueueWaitingTime:mean,15.0,0.4444444444444444
724,90.0,15.0,25.0,75.0,HoldingQueueSize:mean,0.0,0.4444444444444444
725,90.0,15.0,25.0,75.0,HoldingQueueWaitingTime:mean,0.0,0.4444444444444444
726,90.0,15.0,25.0,75.0,ParkedPlanes:mean,0.5000024999875,0.4444444444444444
727,90.0,15.0,25.0,75.0,Runwayutilization:last,0.44443969142668,0.4444444444444444
728,90.0,15.0,25.0,90.0,AirportResponseTime:mean,130.0,0.4444444444444444
729,90.0,15.0,25.0,90.0,DepartQueueSize:mean,0.5,0.4444444444444444
730,90.0,15.0,25.0,90.0,DepartQueueWaitingTime:mean,0.0,0.4444444444444444
731,90.0,15.0,25.0,90.0,HoldingQueueSize:mean,0.0,0.4444444444444444
732,90.0,15.0,25.0,90.0,HoldingQueueWaitingTime:mean,0.0,0.4444444444444444
733,90.0,15.0,25.0,90.0,ParkedPlanes:mean,0.5000024999875,0.4444444444444444
734,90.0,15.0,25.0,90.0,Runwayutilization:last,0.44443969142668,0.4444444444444444
735,90.0,15.0,30.0,60.0,AirportResponseTime:mean,120.0,0.5
736,90.0,15.0,30.0,60.0,DepartQueueSize:mean,0.33333333333333,0.5
737,90.0,15.0,30.0,60.0,DepartQueueWaitingTime:mean,7.5,0.5
738,90.0,15.0,30.0,60.0,HoldingQueueSize:mean,0.33333111112593,0.5
739,90.0,15.0,30.0,60.0,HoldingQueueWaitingTime:mean,7.49992500075,0.5
740,90.0,15.0,30.0,60.0,ParkedPlanes:mean,0.5000024999875,0.5
741,90.0,15.0,30.0,60.0,Runwayutilization:last,0.49999416675416997,0.5
742,90.0,15.0,30.0,75.0,AirportResponseTime:mean,135.0,0.5
743,90.0,15.0,30.0,75.0,DepartQueueSize:mean,0.5,0.5
744,90.0,15.0,30.0,75.0,DepartQueueWaitingTime:mean,15.0,0.5
745,90.0,15.0,30.0,75.0,HoldingQueueSize:mean,0.0,0.5
746,90.0,15.0,30.0,75.0,HoldingQueueWaitingTime:mean,0.0,0.5
747,90.0,15.0,30.0,75.0,ParkedPlanes:mean,0.5000024999875,0.5
748,90.0,15.0,30.0,75.0,Runwayutilization:last,0.49999416675416997,0.5
749,90.0,15.0,30.0,90.0,AirportResponseTime:mean,135.0,0.5
750,90.0,15.0,30.0,90.0,DepartQueueSize:mean,0.5,0.5
751,90.0,15.0,30.0,90.0,DepartQueueWaitingTime:mean,0.0,0.5
752,90.0,15.0,30.0,90.0,HoldingQueueSize:mean,0.0,0.5
753,90.0,15.0,30.0,90.0,HoldingQueueWaitingTime:mean,0.0,0.5
754,90.0,15.0,30.0,90.0,ParkedPlanes:mean,0.5000024999875,0.5
755,90.0,15.0,30.0,90.0,Runwayutilization:last,0.49999416675416997,0.5
756,90.0,20.0,15.0,60.0,AirportResponseTime:mean,106.66655,0.3888888888888889
757,90.0,20.0,15.0,60.0,DepartQueueSize:mean,0.24999812499531002,0.3888888888888889
758,90.0,20.0,15.0,60.0,DepartQueueWaitingTime:mean,6.6666,0.3888888888888889
759,90.0,20.0,15.0,60.0,HoldingQueueSize:mean,0.4000011999975999,0.3888888888888889
760,90.0,20.0,15.0,60.0,HoldingQueueWaitingTime:mean,4.99995,0.3888888888888889
761,90.0,20.0,15.0,60.0,ParkedPlanes:mean,0.5,0.3888888888888889
762,90.0,20.0,15.0,60.0,Runwayutilization:last,0.38888478399395005,0.3888888888888889
763,90.0,20.0,15.0,75.0,AirportResponseTime:mean,125.0,0.3888888888888889
764,90.0,20.0,15.0,75.0,DepartQueueSize:mean,0.5,0.3888888888888889
765,90.0,20.0,15.0,75.0,DepartQueueWaitingTime:mean,15.0,0.3888888888888889
766,90.0,20.0,15.0,75.0,HoldingQueueSize:mean,0.0,0.3888888888888889
767,90.0,20.0,15.0,75.0,HoldingQueueWaitingTime:mean,0.0,0.3888888888888889
768,90.0,20.0,15.0,75.0,ParkedPlanes:mean,0.5000024999875,0.3888888888888889
769,90.0,20.0,15.0,75.0,Runwayutilization:last,0.38888570992070004,0.3888888888888889
770,90.0,20.0,15.0,90.0,AirportResponseTime:mean,125.0,0.3888888888888889
771,90.0,20.0,15.0,90.0,DepartQueueSize:mean,0.5,0.3888888888888889
772,90.0,20.0,15.0,90.0,DepartQueueWaitingTime:mean,0.0,0.3888888888888889
773,90.0,20.0,15.0,90.0,HoldingQueueSize:mean,0.0,0.3888888888888889
774,90.0,20.0,15.0,90.0,HoldingQueueWaitingTime:mean,0.0,0.3888888888888889
775,90.0,20.0,15.0,90.0,ParkedPlanes:mean,0.5000024999875,0.3888888888888889
776,90.0,20.0,15.0,90.0,Runwayutilization:last,0.38888570992070004,0.3888888888888889
777,90.0,20.0,20.0,60.0,AirportResponseTime:mean,115.0,0.4444444444444444
778,90.0,20.0,20.0,60.0,DepartQueueSize:mean,0.33333333333333,0.4444444444444444
779,90.0,20.0,20.0,60.0,DepartQueueWaitingTime:mean,10.0,0.4444444444444444
780,90.0,20.0,20.0,60.0,HoldingQueueSize:mean,0.33333111112593,0.4444444444444444
781,90.0,20.0,20.0,60.0,HoldingQueueWaitingTime:mean,4.9999500005,0.4444444444444444
782,90.0,20.0,20.0,60.0,ParkedPlanes:mean,0.5000024999875,0.4444444444444444
783,90.0,20.0,20.0,60.0,Runwayutilization:last,0.44444024697421,0.4444444444444444
784,90.0,20.0,20.0,75.0,AirportResponseTime:mean,130.0,0.4444444444444444
785,90.0,20.0,20.0,75.0,DepartQueueSize:mean,0.5,0.4444444444444444
786,90.0,20.0,20.0,75.0,DepartQueueWaitingTime:mean,15.0,0.4444444444444444
787,90.0,20.0,20.0,75.0,HoldingQueueSize:mean,0.0,0.4444444444444444
788,90.0,20.0,20.0,75.0,HoldingQueueWaitingTime:mean,0.0,0.4444444444444444
789,90.0,20.0,20.0,75.0,ParkedPlanes:mean,0.5000024999875,0.4444444444444444
790,90.0,20.0,20.0,75.0,Runwayutilization:last,0.44444024697421,0.4444444444444444
791,90.0,20.0,20.0,90.0,AirportResponseTime:mean,130.0,0.4444444444444444
792,90.0,20.0,20.0,90.0,DepartQueueSize:mean,0.5,0.4444444444444444
793,90.0,20.0,20.0,90.0,DepartQueueWaitingTime:mean,0.0,0.4444444444444444
794,90.0,20.0,20.0,90.0,HoldingQueueSize:mean,0.0,0.4444444444444444
795,90.0,20.0,20.0,90.0,HoldingQueueWaitingTime:mean,0.0,0.4444444444444444
796,90.0,20.0,20.0,90.0,ParkedPlanes:mean,0.5000024999875,0.4444444444444444
797,90.0,20.0,20.0,90.0,Runwayutilization:last,0.44444024697421,0.4444444444444444
798,90.0,20.0,25.0,60.0,AirportResponseTime:mean,120.0,0.5
799,90.0,20.0,25.0,60.0,DepartQueueSize:mean,0.33333333333333,0.5
800,90.0,20.0,25.0,60.0,DepartQueueWaitingTime:mean,7.5,0.5
801,90.0,20.0,25.0,60.0,HoldingQueueSize:mean,0.33333111112593,0.5
802,90.0,20.0,25.0,60.0,HoldingQueueWaitingTime:mean,7.49992500075,0.5
803,90.0,20.0,25.0,60.0,ParkedPlanes:mean,0.5000024999875,0.5
804,90.0,20.0,25.0,60.0,Runwayutilization:last,0.49999472230139,0.5
805,90.0,20.0,25.0,75.0,AirportResponseTime:mean,135.0,0.5
806,90.0,20.0,25.0,75.0,DepartQueueSize:mean,0.5,0.5
807,90.0,20.0,25.0,75.0,DepartQueueWaitingTime:mean,15.0,0.5
808,90.0,20.0,25.0,75.0,HoldingQueueSize:mean,0.0,0.5
809,90.0,20.0,25.0,75.0,HoldingQueueWaitingTime:mean,0.0,0.5
810,90.0,20.0,25.0,75.0,ParkedPlanes:mean,0.5000024999875,0.5
811,90.0,20.0,25.0,75.0,Runwayutilization:last,0.49999472230139,0.5
812,90.0,20.0,25.0,90.0,AirportResponseTime:mean,135.0,0.5
813,90.0,20.0,25.0,90.0,DepartQueueSize:mean,0.5,0.5
814,90.0,20.0,25.0,90.0,DepartQueueWaitingTime:mean,0.0,0.5
815,90.0,20.0,25.0,90.0,HoldingQueueSize:mean,0.0,0.5
816,90.0,20.0,25.0,90.0,HoldingQueueWaitingTime:mean,0.0,0.5
817,90.0,20.0,25.0,90.0,ParkedPlanes:mean,0.5000024999875,0.5
818,90.0,20.0,25.0,90.0,Runwayutilization:last,0.49999472230139,0.5
819,90.0,20.0,30.0,60.0,AirportResponseTime:mean,125.0,0.5555555555555556
820,90.0,20.0,30.0,60.0,DepartQueueSize:mean,0.33333333333333,0.5555555555555556
821,90.0,20.0,30.0,60.0,DepartQueueWaitingTime:mean,5.0,0.5555555555555556
822,90.0,20.0,30.0,60.0,HoldingQueueSize:mean,0.33333111112593,0.5555555555555556
823,90.0,20.0,30.0,60.0,HoldingQueueWaitingTime:mean,9.999900001,0.5555555555555556
824,90.0,20.0,30.0,60.0,ParkedPlanes:mean,0.5000024999875,0.5555555555555556
825,90.0,20.0,30.0,60.0,Runwayutilization:last,0.55554913590233,0.5555555555555556
826,90.0,20.0,30.0,75.0,AirportResponseTime:mean,140.0,0.5555555555555556
827,90.0,20.0,30.0,75.0,DepartQueueSize:mean,0.5,0.5555555555555556
828,90.0,20.0,30.0,75.0,DepartQueueWaitingTime:mean,15.0,0.5555555555555556
829,90.0,20.0,30.0,75.0,HoldingQueueSize:mean,0.0,0.5555555555555556
830,90.0,20.0,30.0,75.0,HoldingQueueWaitingTime:mean,0.0,0.5555555555555556
831,90.0,20.0,30.0,75.0,ParkedPlanes:mean,0.5000024999875,0.5555555555555556
832,90.0,20.0,30.0,75.0,Runwayutilization:last,0.55554913590233,0.5555555555555556
833,90.0,20.0,30.0,90.0,AirportResponseTime:mean,140.0,0.5555555555555556
834,90.0,20.0,30.0,90.0,DepartQueueSize:mean,0.5,0.5555555555555556
835,90.0,20.0,30.0,90.0,DepartQueueWaitingTime:mean,0.0,0.5555555555555556
836,90.0,20.0,30.0,90.0,HoldingQueueSize:mean,0.0,0.5555555555555556
837,90.0,20.0,30.0,90.0,HoldingQueueWaitingTime:mean,0.0,0.5555555555555556
838,90.0,20.0,30.0,90.0,ParkedPlanes:mean,0.5000024999875,0.5555555555555556
839,90.0,20.0,30.0,90.0,Runwayutilization:last,0.55554913590233,0.5555555555555556
840,90.0,25.0,15.0,60.0,AirportResponseTime:mean,115.0,0.4444444444444444
841,90.0,25.0,15.0,60.0,DepartQueueSize:mean,0.33333333333333,0.4444444444444444
842,90.0,25.0,15.0,60.0,DepartQueueWaitingTime:mean,10.0,0.4444444444444444
843,90.0,25.0,15.0,60.0,HoldingQueueSize:mean,0.33333111112593,0.4444444444444444
844,90.0,25.0,15.0,60.0,HoldingQueueWaitingTime:mean,4.9999500005,0.4444444444444444
845,90.0,25.0,15.0,60.0,ParkedPlanes:mean,0.5000024999875,0.4444444444444444
846,90.0,25.0,15.0,60.0,Runwayutilization:last,0.44444080252173995,0.4444444444444444
847,90.0,25.0,15.0,75.0,AirportResponseTime:mean,130.0,0.4444444444444444
848,90.0,25.0,15.0,75.0,DepartQueueSize:mean,0.5,0.4444444444444444
849,90.0,25.0,15.0,75.0,DepartQueueWaitingTime:mean,15.0,0.4444444444444444
850,90.0,25.0,15.0,75.0,HoldingQueueSize:mean,0.0,0.4444444444444444
851,90.0,25.0,15.0,75.0,HoldingQueueWaitingTime:mean,0.0,0.4444444444444444
852,90.0,25.0,15.0,75.0,ParkedPlanes:mean,0.5000024999875,0.4444444444444444
853,90.0,25.0,15.0,75.0,Runwayutilization:last,0.44444080252173995,0.4444444444444444
854,90.0,25.0,15.0,90.0,AirportResponseTime:mean,130.0,0.4444444444444444
855,90.0,25.0,15.0,90.0,DepartQueueSize:mean,0.5,0.4444444444444444
856,90.0,25.0,15.0,90.0,DepartQueueWaitingTime:mean,0.0,0.4444444444444444
857,90.0,25.0,15.0,90.0,HoldingQueueSize:mean,0.0,0.4444444444444444
858,90.0,25.0,15.0,90.0,HoldingQueueWaitingTime:mean,0.0,0.4444444444444444
859,90.0,25.0,15.0,90.0,ParkedPlanes:mean,0.5000024999875,0.4444444444444444
860,90.0,25.0,15.0,90.0,Runwayutilization:last,0.44444080252173995,0.4444444444444444
861,90.0,25.0,20.0,60.0,AirportResponseTime:mean,120.0,0.5
862,90.0,25.0,20.0,60.0,DepartQueueSize:mean,0.33333333333333,0.5
863,90.0,25.0,20.0,60.0,DepartQueueWaitingTime:mean,7.5,0.5
864,90.0,25.0,20.0,60.0,HoldingQueueSize:mean,0.33333111112593,0.5
865,90.0,25.0,20.0,60.0,HoldingQueueWaitingTime:mean,7.49992500075,0.5
866,90.0,25.0,20.0,60.0,ParkedPlanes:mean,0.5000024999875,0.5
867,90.0,25.0,20.0,60.0,Runwayutilization:last,0.49999527784861,0.5
868,90.0,25.0,20.0,75.0,AirportResponseTime:mean,135.0,0.5
869,90.0,25.0,20.0,75.0,DepartQueueSize:mean,0.5,0.5
870,90.0,25.0,20.0,75.0,DepartQueueWaitingTime:mean,15.0,0.5
871,90.0,25.0,20.0,75.0,HoldingQueueSize:mean,0.0,0.5
872,90.0,25.0,20.0,75.0,HoldingQueueWaitingTime:mean,0.0,0.5
873,90.0,25.0,20.0,75.0,ParkedPlanes:mean,0.5000024999875,0.5
874,90.0,25.0,20.0,75.0,Runwayutilization:last,0.49999527784861,0.5
875,90.0,25.0,20.0,90.0,AirportResponseTime:mean,135.0,0.5
876,90.0,25.0,20.0,90.0,DepartQueueSize:mean,0.5,0.5
877,90.0,25.0,20.0,90.0,DepartQueueWaitingTime:mean,0.0,0.5
878,90.0,25.0,20.0,90.0,HoldingQueueSize:mean,0.0,0.5
879,90.0,25.0,20.0,90.0,HoldingQueueWaitingTime:mean,0.0,0.5
880,90.0,25.0,20.0,90.0,ParkedPlanes:mean,0.5000024999875,0.5
881,90.0,25.0,20.0,90.0,Runwayutilization:last,0.49999527784861,0.5
882,90.0,25.0,25.0,60.0,AirportResponseTime:mean,125.0,0.5555555555555556
883,90.0,25.0,25.0,60.0,DepartQueueSize:mean,0.33333333333333,0.5555555555555556
884,90.0,25.0,25.0,60.0,DepartQueueWaitingTime:mean,5.0,0.5555555555555556
885,90.0,25.0,25.0,60.0,HoldingQueueSize:mean,0.33333111112593,0.5555555555555556
886,90.0,25.0,25.0,60.0,HoldingQueueWaitingTime:mean,9.999900001,0.5555555555555556
887,90.0,25.0,25.0,60.0,ParkedPlanes:mean,0.5000024999875,0.5555555555555556
888,90.0,25.0,25.0,60.0,Runwayutilization:last,0.55554969144924,0.5555555555555556
889,90.0,25.0,25.0,75.0,AirportResponseTime:mean,140.0,0.5555555555555556
890,90.0,25.0,25.0,75.0,DepartQueueSize:mean,0.5,0.5555555555555556
891,90.0,25.0,25.0,75.0,DepartQueueWaitingTime:mean,15.0,0.5555555555555556
892,90.0,25.0,25.0,75.0,HoldingQueueSize:mean,0.0,0.5555555555555556
893,90.0,25.0,25.0,75.0,HoldingQueueWaitingTime:mean,0.0,0.5555555555555556
894,90.0,25.0,25.0,75.0,ParkedPlanes:mean,0.5000024999875,0.5555555555555556
895,90.0,25.0,25.0,75.0,Runwayutilization:last,0.55554969144924,0.5555555555555556
896,90.0,25.0,25.0,90.0,AirportResponseTime:mean,140.0,0.5555555555555556
897,90.0,25.0,25.0,90.0,DepartQueueSize:mean,0.5,0.5555555555555556
898,90.0,25.0,25.0,90.0,DepartQueueWaitingTime:mean,0.0,0.5555555555555556
899,90.0,25.0,25.0,90.0,HoldingQueueSize:mean,0.0,0.5555555555555556
900,90.0,25.0,25.0,90.0,HoldingQueueWaitingTime:mean,0.0,0.5555555555555556
901,90.0,25.0,25.0,90.0,ParkedPlanes:mean,0.5000024999875,0.5555555555555556
902,90.0,25.0,25.0,90.0,Runwayutilization:last,0.55554969144924,0.5555555555555556
903,90.0,25.0,30.0,60.0,AirportResponseTime:mean,130.0,0.6111111111111112
904,90.0,25.0,30.0,60.0,DepartQueueSize:mean,0.33333333333333,0.6111111111111112
905,90.0,25.0,30.0,60.0,DepartQueueWaitingTime:mean,2.5,0.6111111111111112
906,90.0,25.0,30.0,60.0,HoldingQueueSize:mean,0.33333111112593,0.6111111111111112
907,90.0,25.0,30.0,60.0,HoldingQueueWaitingTime:mean,12.49987500125,0.6111111111111112
908,90.0,25.0,30.0,60.0,ParkedPlanes:mean,0.5000024999875,0.6111111111111112
909,90.0,25.0,30.0,60.0,Runwayutilization:last,0.61110404332375,0.6111111111111112
910,90.0,25.0,30.0,75.0,AirportResponseTime:mean,145.0,0.6111111111111112
911,90.0,25.0,30.0,75.0,DepartQueueSize:mean,0.5,0.6111111111111112
912,90.0,25.0,30.0,75.0,DepartQueueWaitingTime:mean,15.0,0.6111111111111112
913,90.0,25.0,30.0,75.0,HoldingQueueSize:mean,0.0,0.6111111111111112
914,90.0,25.0,30.0,75.0,HoldingQueueWaitingTime:mean,0.0,0.6111111111111112
915,90.0,25.0,30.0,75.0,ParkedPlanes:mean,0.5000024999875,0.6111111111111112
916,90.0,25.0,30.0,75.0,Runwayutilization:last,0.61110404332375,0.6111111111111112
917,90.0,25.0,30.0,90.0,AirportResponseTime:mean,145.0,0.6111111111111112
918,90.0,25.0,30.0,90.0,DepartQueueSize:mean,0.5,0.6111111111111112
919,90.0,25.0,30.0,90.0,DepartQueueWaitingTime:mean,0.0,0.6111111111111112
920,90.0,25.0,30.0,90.0,HoldingQueueSize:mean,0.0,0.6111111111111112
921,90.0,25.0,30.0,90.0,HoldingQueueWaitingTime:mean,0.0,0.6111111111111112
922,90.0,25.0,30.0,90.0,ParkedPlanes:mean,0.5000024999875,0.6111111111111112
923,90.0,25.0,30.0,90.0,Runwayutilization:last,0.61110404332375,0.6111111111111112
924,90.0,30.0,15.0,60.0,AirportResponseTime:mean,135.0,0.5
925,90.0,30.0,15.0,60.0,DepartQueueSize:mean,0.5,0.5
926,90.0,30.0,15.0,60.0,DepartQueueWaitingTime:mean,30.0,0.5
927,90.0,30.0,15.0,60.0,HoldingQueueSize:mean,0.0,0.5
928,90.0,30.0,15.0,60.0,HoldingQueueWaitingTime:mean,0.0,0.5
929,90.0,30.0,15.0,60.0,ParkedPlanes:mean,0.5000024999875,0.5
930,90.0,30.0,15.0,60.0,Runwayutilization:last,0.49999583339583004,0.5
931,90.0,30.0,15.0,75.0,AirportResponseTime:mean,135.0,0.5
932,90.0,30.0,15.0,75.0,DepartQueueSize:mean,0.5,0.5
933,90.0,30.0,15.0,75.0,DepartQueueWaitingTime:mean,15.0,0.5
934,90.0,30.0,15.0,75.0,HoldingQueueSize:mean,0.0,0.5
935,90.0,30.0,15.0,75.0,HoldingQueueWaitingTime:mean,0.0,0.5
936,90.0,30.0,15.0,75.0,ParkedPlanes:mean,0.5000024999875,0.5
937,90.0,30.0,15.0,75.0,Runwayutilization:last,0.49999583339583004,0.5
938,90.0,30.0,15.0,90.0,AirportResponseTime:mean,135.0,0.5
939,90.0,30.0,15.0,90.0,DepartQueueSize:mean,0.5,0.5
940,90.0,30.0,15.0,90.0,DepartQueueWaitingTime:mean,0.0,0.5
941,90.0,30.0,15.0,90.0,HoldingQueueSize:mean,0.0,0.5
942,90.0,30.0,15.0,90.0,HoldingQueueWaitingTime:mean,0.0,0.5
943,90.0,30.0,15.0,90.0,ParkedPlanes:mean,0.5000024999875,0.5
944,90.0,30.0,15.0,90.0,Runwayutilization:last,0.49999583339583004,0.5
945,90.0,30.0,20.0,60.0,AirportResponseTime:mean,140.0,0.5555555555555556
946,90.0,30.0,20.0,60.0,DepartQueueSize:mean,0.5,0.5555555555555556
947,90.0,30.0,20.0,60.0,DepartQueueWaitingTime:mean,30.0,0.5555555555555556
948,90.0,30.0,20.0,60.0,HoldingQueueSize:mean,0.0,0.5555555555555556
949,90.0,30.0,20.0,60.0,HoldingQueueWaitingTime:mean,0.0,0.5555555555555556
950,90.0,30.0,20.0,60.0,ParkedPlanes:mean,0.5000024999875,0.5555555555555556
951,90.0,30.0,20.0,60.0,Runwayutilization:last,0.55555024699616,0.5555555555555556
952,90.0,30.0,20.0,75.0,AirportResponseTime:mean,140.0,0.5555555555555556
953,90.0,30.0,20.0,75.0,DepartQueueSize:mean,0.5,0.5555555555555556
954,90.0,30.0,20.0,75.0,DepartQueueWaitingTime:mean,15.0,0.5555555555555556
955,90.0,30.0,20.0,75.0,HoldingQueueSize:mean,0.0,0.5555555555555556
956,90.0,30.0,20.0,75.0,HoldingQueueWaitingTime:mean,0.0,0.5555555555555556
957,90.0,30.0,20.0,75.0,ParkedPlanes:mean,0.5000024999875,0.5555555555555556
958,90.0,30.0,20.0,75.0,Runwayutilization:last,0.55555024699616,0.5555555555555556
959,90.0,30.0,20.0,90.0,AirportResponseTime:mean,140.0,0.5555555555555556
960,90.0,30.0,20.0,90.0,DepartQueueSize:mean,0.5,0.5555555555555556
961,90.0,30.0,20.0,90.0,DepartQueueWaitingTime:mean,0.0,0.5555555555555556
962,90.0,30.0,20.0,90.0,HoldingQueueSize:mean,0.0,0.5555555555555556
963,90.0,30.0,20.0,90.0,HoldingQueueWaitingTime:mean,0.0,0.5555555555555556
964,90.0,30.0,20.0,90.0,ParkedPlanes:mean,0.5000024999875,0.5555555555555556
965,90.0,30.0,20.0,90.0,Runwayutilization:last,0.55555024699616,0.5555555555555556
966,90.0,30.0,25.0,60.0,AirportResponseTime:mean,145.0,0.6111111111111112
967,90.0,30.0,25.0,60.0,DepartQueueSize:mean,0.5,0.6111111111111112
968,90.0,30.0,25.0,60.0,DepartQueueWaitingTime:mean,30.0,0.6111111111111112
969,90.0,30.0,25.0,60.0,HoldingQueueSize:mean,0.0,0.6111111111111112
970,90.0,30.0,25.0,60.0,HoldingQueueWaitingTime:mean,0.0,0.6111111111111112
971,90.0,30.0,25.0,60.0,ParkedPlanes:mean,0.5000024999875,0.6111111111111112
972,90.0,30.0,25.0,60.0,Runwayutilization:last,0.61110459887035,0.6111111111111112
973,90.0,30.0,25.0,75.0,AirportResponseTime:mean,145.0,0.6111111111111112
974,90.0,30.0,25.0,75.0,DepartQueueSize:mean,0.5,0.6111111111111112
975,90.0,30.0,25.0,75.0,DepartQueueWaitingTime:mean,15.0,0.6111111111111112
976,90.0,30.0,25.0,75.0,HoldingQueueSize:mean,0.0,0.6111111111111112
977,90.0,30.0,25.0,75.0,HoldingQueueWaitingTime:mean,0.0,0.6111111111111112
978,90.0,30.0,25.0,75.0,ParkedPlanes:mean,0.5000024999875,0.6111111111111112
979,90.0,30.0,25.0,75.0,Runwayutilization:last,0.61110459887035,0.6111111111111112
980,90.0,30.0,25.0,90.0,AirportResponseTime:mean,145.0,0.6111111111111112
981,90.0,30.0,25.0,90.0,DepartQueueSize:mean,0.5,0.6111111111111112
982,90.0,30.0,25.0,90.0,DepartQueueWaitingTime:mean,0.0,0.6111111111111112
983,90.0,30.0,25.0,90.0,HoldingQueueSize:mean,0.0,0.6111111111111112
984,90.0,30.0,25.0,90.0,HoldingQueueWaitingTime:mean,0.0,0.6111111111111112
985,90.0,30.0,25.0,90.0,ParkedPlanes:mean,0.5000024999875,0.6111111111111112
986,90.0,30.0,25.0,90.0,Runwayutilization:last,0.61110459887035,0.6111111111111112
987,90.0,30.0,30.0,60.0,AirportResponseTime:mean,150.0,0.6666666666666666
988,90.0,30.0,30.0,60.0,DepartQueueSize:mean,0.5,0.6666666666666666
989,90.0,30.0,30.0,60.0,DepartQueueWaitingTime:mean,30.0,0.6666666666666666
990,90.0,30.0,30.0,60.0,HoldingQueueSize:mean,0.0,0.6666666666666666
991,90.0,30.0,30.0,60.0,HoldingQueueWaitingTime:mean,0.0,0.6666666666666666
992,90.0,30.0,30.0,60.0,ParkedPlanes:mean,0.5000024999875,0.6666666666666666
993,90.0,30.0,30.0,60.0,Runwayutilization:last,0.66665888901852,0.6666666666666666
994,90.0,30.0,30.0,75.0,AirportResponseTime:mean,150.0,0.6666666666666666
995,90.0,30.0,30.0,75.0,DepartQueueSize:mean,0.5,0.6666666666666666
996,90.0,30.0,30.0,75.0,DepartQueueWaitingTime:mean,15.0,0.6666666666666666
997,90.0,30.0,30.0,75.0,HoldingQueueSize:mean,0.0,0.6666666666666666
998,90.0,30.0,30.0,75.0,HoldingQueueWaitingTime:mean,0.0,0.6666666666666666
999,90.0,30.0,30.0,75.0,ParkedPlanes:mean,0.5000024999875,0.6666666666666666
1000,90.0,30.0,30.0,75.0,Runwayutilization:last,0.66665888901852,0.6666666666666666
1001,90.0,30.0,30.0,90.0,AirportResponseTime:mean,150.0,0.6666666666666666
1002,90.0,30.0,30.0,90.0,DepartQueueSize:mean,0.5,0.6666666666666666
1003,90.0,30.0,30.0,90.0,DepartQueueWaitingTime:mean,0.0,0.6666666666666666
1004,90.0,30.0,30.0,90.0,HoldingQueueSize:mean,0.0,0.6666666666666666
1005,90.0,30.0,30.0,90.0,HoldingQueueWaitingTime:mean,0.0,0.6666666666666666
1006,90.0,30.0,30.0,90.0,ParkedPlanes:mean,0.5000024999875,0.6666666666666666
1007,90.0,30.0,30.0,90.0,Runwayutilization:last,0.66665888901852,0.6666666666666666
